code,label,kind,unit,change_unit,asof,latest_date,latest_value,1w,1m,3m,6m,1y,rank_now,rank_1w,rank_6m,rank_1y,history_start,history_n
AMEX:AGG,AGG｜米総合債券,raw,USD,%,2026-10-05,2026-10-05,94.13,-0.5493924986793575,-2.958762886597943,-4.54314978196938,-5.139574725385476,-6.039129566779811,2.8685258964143427,4.302788844621515,59.04382470119523,72.90836653386454,2021-10-05,1255
AMEX:GDX,GDX｜金鉱株,raw,USD,%,2026-10-05,2026-10-05,87.42,-0.5347593582887722,-11.928269192020958,11.462450592885375,-7.580082461148119,13.414634146341475,89.9601593625498,90.2788844621514,94.18326693227091,84.06374501992032,2021-10-05,1255
AMEX:GLD,GLD｜金ETF,raw,USD,%,2026-10-05,2026-10-05,379.55,0.4339657590431534,-6.691742262212053,0.37553222436728095,-11.61128059430382,6.12627222905715,84.7011952191235,84.14342629482073,94.9800796812749,80.0,2021-10-05,1255
AMEX:HYG,HYG｜米HY債,raw,USD,%,2026-10-05,2026-10-05,76.98,-0.7222078927005438,-2.753916119252142,-3.4249153180278435,-3.242835595776772,-4.774863928748141,33.54581673306773,41.43426294820717,62.70916334661355,85.1792828685259,2021-10-05,1255
AMEX:IWM,IWM｜米小型株,raw,USD,%,2026-10-05,2026-10-05,283.38,1.1999142918363015,-4.266747745008614,-4.771826063579542,12.77010625174102,15.274783386893365,93.14741035856574,92.19123505976096,85.41832669322709,82.39043824701196,2021-10-05,1255
AMEX:LQD,LQD｜米IG債,raw,USD,%,2026-10-05,2026-10-05,101.83,-0.6245730457694942,-3.460371634433068,-6.26840942562592,-6.680718475073322,-8.713581353653066,3.9840637450199203,5.179282868525896,54.980079681274894,78.96414342629483,2021-10-05,1255
AMEX:RSP,RSP｜S&P均等加重,raw,USD,%,2026-10-05,2026-10-05,211.12,0.6579574711547576,-3.5981735159817285,-1.7635289190824022,9.33761458387281,10.38954248366013,94.82071713147411,94.10358565737052,85.0199203187251,83.50597609561753,2021-10-05,1255
AMEX:SPHB,SPHB｜高ベータ,raw,USD,%,2026-10-05,2026-10-05,155.57,3.3687707641195885,4.845666531877613,5.2215082854244255,33.090940200188214,38.939001518263815,99.8406374501992,97.92828685258964,84.14342629482073,81.35458167330677,2021-10-05,1255
AMEX:SPLV,SPLV｜低ボラ,raw,USD,%,2026-10-05,2026-10-05,71.09,-0.04218222722159881,-4.883596467754869,-7.350449628567701,-3.815451224462174,-2.6297767429119268,62.62948207171315,62.94820717131474,90.11952191235059,81.43426294820716,2021-10-05,1255
AMEX:SPY,SPY｜S&P 500,raw,USD,%,2026-10-05,2026-10-05,774.83,1.204268491790872,0.60244874641322,4.034748516340403,18.14494609883659,15.782788661257307,99.8406374501992,97.76892430278885,79.52191235059762,82.39043824701196,2021-10-05,1255
AMEX:XLB,XLB｜素材,raw,USD,%,2026-10-05,2026-10-05,49.5,0.06064281382656134,-5.60640732265446,-4.825995000961347,-1.8051973814719235,10.171377698642337,87.41035856573706,87.33067729083666,90.199203187251,67.33067729083665,2021-10-05,1255
AMEX:XLC,XLC｜コミュニケーション,raw,USD,%,2026-10-05,2026-10-05,111.61,0.3867602086706112,-0.3748995804695232,1.8339416058394287,-0.08057296329454511,-4.1068820345390495,83.42629482071713,81.35458167330677,83.74501992031873,93.30677290836653,2021-10-05,1255
AMEX:XLE,XLE｜エネルギー,raw,USD,%,2026-10-05,2026-10-05,63.45,2.1739130434782705,-0.952232282235399,19.222096956031564,7.088607594936724,42.72860195703521,98.56573705179282,97.60956175298804,95.0597609561753,58.48605577689243,2021-10-05,1255
AMEX:XLF,XLF｜金融,raw,USD,%,2026-10-05,2026-10-05,53.88,-0.5720612659162128,-7.263339070567987,-3.1283710895361305,8.782556026650523,0.29784065524944836,91.79282868525897,92.98804780876495,67.56972111553785,90.99601593625498,2021-10-05,1255
AMEX:XLI,XLI｜資本財,raw,USD,%,2026-10-05,2026-10-05,170.1,0.7820831852115129,-2.949734695041939,-7.509107715730523,3.865176772302603,10.161258985816989,89.80079681274901,88.44621513944223,86.05577689243027,82.62948207171314,2021-10-05,1255
AMEX:XLK,XLK｜情報技術,raw,USD,%,2026-10-05,2026-10-05,200.93,3.289980979797469,7.288551900897056,11.263082119718693,47.75351128759466,41.14217476819331,100.0,99.04382470119522,79.52191235059762,84.54183266932272,2021-10-05,1255
AMEX:XLP,XLP｜生活必需品,raw,USD,%,2026-10-05,2026-10-05,81.04,-1.5070491006319853,-4.1853866162213205,-4.647605600658888,-1.0379777750641028,3.857490708701783,73.86454183266933,83.74501992031873,80.47808764940238,58.56573705179283,2021-10-05,1255
AMEX:XLRE,XLRE｜不動産,raw,USD,%,2026-10-05,2026-10-05,40.67,-1.6444981862152375,-7.4208968814022285,-8.974932855863916,-2.259072338380197,-3.3507604562737603,42.15139442231076,50.438247011952186,54.342629482071715,62.54980079681275,2021-10-05,1255
AMEX:XLU,XLU｜公益,raw,USD,%,2026-10-05,2026-10-05,39.97,1.8343949044586028,-7.2191272051996265,-12.652972027972032,-13.746223564954697,-10.088853897199412,69.7211155378486,64.8605577689243,97.52988047808765,89.32270916334662,2021-10-05,1255
AMEX:XLV,XLV｜ヘルスケア,raw,USD,%,2026-10-05,2026-10-05,167.37,-2.2714002102066977,-2.3797025371828484,2.216929278123847,14.004495606566314,15.571053721861627,97.52988047808765,99.12350597609561,74.9800796812749,66.77290836653387,2021-10-05,1255
AMEX:XLY,XLY｜一般消費財,raw,USD,%,2026-10-05,2026-10-05,110.42,1.3027522935779912,-3.907405795840213,-5.720628415300544,2.09893666204346,-7.155469603968722,72.90836653386454,70.67729083665338,69.4820717131474,93.30677290836653,2021-10-05,1255
AMEX:XSD,XSD｜半導体均等加重,raw,USD,%,2026-10-05,2026-10-05,552.42,4.690431519699811,12.40614508088309,-0.6206487128285421,64.11277145658178,67.46597144329583,96.97211155378486,95.0597609561753,84.38247011952191,83.02788844621514,2021-10-05,1255
CBOE:COR1M,COR1M｜1か月相関,raw,指数ポイント,points,2026-10-05,2026-10-05,8.51,-0.5199999999999996,-0.08999999999999986,3.25,-16.490000000000002,-0.7100000000000009,7.649402390438246,10.119521912350598,64.14342629482071,10.99601593625498,2021-10-05,1255
CBOE:COR3M,COR3M｜3か月相関,raw,指数ポイント,points,2026-10-05,2026-10-05,11.72,0.7200000000000006,2.1900000000000013,3.540000000000001,-12.950000000000001,-2.51,10.119521912350598,7.649402390438246,60.318725099601586,23.58565737051793,2021-10-05,1255
CBOE:DSPX,DSPX,raw,指数ポイント,points,2026-10-05,2026-10-05,34.99,-1.0399999999999991,2.260000000000005,-9.809999999999995,1.6000000000000014,0.6000000000000014,83.98406374501992,88.52589641434263,75.2191235059761,80.398406374502,2021-10-05,1255
CBOE:MAGS,MAGS｜大型7社,raw,USD,%,2026-10-05,2026-10-05,73.5,2.7684563758389347,5.846774193548399,12.903225806451623,26.136948687146045,14.077293186403828,100.0,99.08571428571429,66.97142857142858,78.74285714285715,2023-04-11,875
CBOE:SKEW,SKEW,raw,指数ポイント,points,2026-10-05,2026-10-05,143.04,-3.210000000000008,-8.54000000000002,-6.980000000000018,-3.9099999999999966,-1.6100000000000136,58.08,69.36,71.36,64.08,2021-10-05,1250
CBOE:VIX,VIX,raw,指数ポイント,points,2026-10-05,2026-10-05,15.52,-0.5500000000000007,0.9900000000000002,-0.629999999999999,-8.350000000000001,-1.129999999999999,27.64291307752545,33.20281910728269,82.85043069694596,40.17227877838685,2021-10-05,1277
CBOE:VIX1D,VIX1D,raw,指数ポイント,points,2026-10-05,2026-10-05,8.98,-2.289999999999999,-3.049999999999999,-4.24,-18.61,-2.9000000000000004,7.168784029038113,27.949183303085302,93.37568058076225,33.756805807622506,2022-05-13,1102
CBOE:VIX9D,VIX9D,raw,指数ポイント,points,2026-10-05,2026-10-05,12.85,-1.540000000000001,0.879999999999999,0.4800000000000004,-8.860000000000001,-0.620000000000001,17.051792828685258,34.9003984063745,76.97211155378486,24.382470119521912,2021-10-05,1255
CBOE:VIXEQ,VIXEQ,raw,指数ポイント,points,2026-10-05,2026-10-05,38.3,-1.1600000000000037,2.5,-9.290000000000006,-2.9100000000000037,0.11999999999999744,66.26409017713365,73.02737520128825,80.91787439613528,65.61996779388085,2021-10-05,1242
CBOE:VVIX,VVIX,raw,指数ポイント,points,2026-10-05,2026-10-05,85.46,-5.560000000000002,1.039999999999992,-3.3400000000000034,-29.870000000000005,-9.330000000000013,19.681274900398407,37.84860557768924,87.25099601593625,49.9601593625498,2021-10-05,1255
CBOE:VX1!,VIX先物期近,raw,指数ポイント,points,2026-10-05,2026-10-05,17.4555,-0.2528000000000006,1.188600000000001,0.2038000000000011,-6.387499999999999,-0.27179999999999893,30.095541401273884,33.12101910828025,81.21019108280255,33.43949044585987,2021-10-05,1256
CBOE:VX2!,VIX先物期先,raw,指数ポイント,points,2026-10-05,2026-10-05,18.1393,-0.34050000000000225,0.0008999999999979025,-0.4646000000000008,-5.1739,-1.1073000000000022,27.30891719745223,31.289808917197455,75.47770700636943,39.64968152866242,2021-10-05,1256
CBOE:VXHYG,VXHYG,raw,指数ポイント,points,2026-10-05,2026-10-05,9.28,0.14999999999999858,3.8899999999999997,4.499999999999999,0.6899999999999995,2.629999999999999,90.51987767584097,89.60244648318043,85.3211009174312,56.88073394495413,2025-06-17,327
CBOE:VXN,VXN,raw,指数ポイント,points,2026-10-05,2026-10-05,21.7,-0.4299999999999997,1.6600000000000001,-6.280000000000001,-5.34,1.620000000000001,44.06374501992032,47.96812749003984,74.5019920318725,31.713147410358566,2021-10-05,1255
CBOE:VXSMH,VXSMH,raw,指数ポイント,points,2026-10-05,2026-10-05,35.39,-3.3599999999999994,-0.6099999999999994,-25.939999999999998,-9.339999999999996,,13.91304347826087,29.565217391304348,56.52173913043478,,2025-11-04,230
COINBASE:BTCUSD,BTCUSD (Coinbase),raw,USD,%,2026-10-05,2026-10-04,86507.11,3.655031337193382,8.362030209352,36.05931321016338,25.363538873994628,-29.96554669056115,71.84604419101925,68.496079828938,55.88025659301496,99.92872416250891,2022-12-02,1403
CRYPTO:BTCUSD,BTCUSD (Crypto),raw,USD,%,2026-10-05,2026-10-04,86516.54,3.6424246061651733,8.35329345442033,36.05022171160286,25.361362928994403,-29.964461128154785,71.84604419101925,68.496079828938,55.88025659301496,99.92872416250891,2022-12-02,1403
EURONEXT:BRENT,Brent｜Euronext,raw,原系列単位未確認,%,2026-10-05,2026-10-05,29.015,3.4402852049910893,16.15292233787029,51.498538011695906,17.090395480225993,117.01570680628275,100.0,98.79518072289156,92.42685025817556,9.81067125645439,2024-04-29,581
FRED:BAMLC0A0CM,米IG信用スプレッド,raw,%,bp,2026-10-05,2026-10-02,0.85,2.0000000000000018,3.9999999999999925,9.999999999999998,-1.0000000000000009,9.999999999999998,30.986993114001532,27.926549349655698,31.981637337413925,4.8201989288446825,2021-10-05,1307
FRED:BAMLH0A0HYM2,米HY信用スプレッド,raw,%,bp,2026-10-05,2026-10-02,3.1,8.000000000000007,41.99999999999999,35.999999999999986,-2.9999999999999805,30.00000000000003,36.08562691131498,30.275229357798167,38.91437308868502,15.519877675840979,2021-10-05,1308
FRED:BAMLH0A1HYBB,米BB信用スプレッド,raw,%,bp,2026-10-05,2026-10-02,1.91,7.999999999999985,35.999999999999986,27.0,-3.0000000000000027,14.999999999999991,41.13149847094802,32.03363914373089,43.042813455657495,23.165137614678898,2021-10-05,1308
FRED:BAMLH0A2HYB,米B信用スプレッド,raw,%,bp,2026-10-05,2026-10-02,3.12,3.000000000000025,35.00000000000001,16.000000000000014,-29.999999999999982,28.000000000000025,37.38532110091743,34.9388379204893,49.38837920489297,9.480122324159021,2021-10-05,1308
FRED:BAMLH0A3HYC,米CCC信用スプレッド,raw,%,bp,2026-10-05,2026-10-02,12.02,55.99999999999987,148.00000000000006,233.0,212.9999999999999,391.0,97.01834862385321,92.43119266055045,72.70642201834863,22.018348623853214,2021-10-05,1308
FRED:DFII10,米10年実質金利,raw,%,bp,2026-10-05,2026-10-02,2.92,2.0000000000000018,48.99999999999998,66.00000000000001,93.0,111.99999999999999,99.9198717948718,99.75961538461539,70.67307692307693,47.83653846153847,2021-10-05,1248
FRED:T10YIE,米10年BEI,raw,%,bp,2026-10-05,2026-10-05,2.36,2.0000000000000018,0.9999999999999787,12.99999999999999,0.0,2.9999999999999805,64.69175340272217,57.16573258606885,64.69175340272217,52.28182546036829,2021-10-05,1249
ICEEUR:BRN1!,Brent期近,raw,USD/バレル,%,2026-10-05,2026-10-05,100.32,2.5452315240723555,4.1960947237224655,39.101497504159724,-7.988626983399072,55.46257554625753,88.23529411764706,85.75851393188854,94.89164086687306,6.424148606811146,2021-10-05,1292
INDEX:F1HP,F1HP｜市場内部,raw,原系列単位未確認,原系列単位未確認,2026-10-05,2026-10-05,12772.39,10399.68,6043.919999999999,-56.98000000000138,11178.68,490.5799999999999,77.95844625112917,21.318879855465223,15.898825654923215,75.33875338753387,2022-05-02,1107
INDEX:F1LP,F1LP｜市場内部,raw,原系列単位未確認,原系列単位未確認,2026-10-05,2026-10-05,7073.29,-1867.1400000000003,4169.3,1978.25,4990.09,3228.71,77.75768535262206,83.18264014466547,44.21338155515371,60.75949367088608,2022-05-02,1106
INDEX:M1HP,M1HP｜市場内部,raw,銘柄,銘柄,2026-10-05,2026-10-05,40.0,13.0,30.0,-110.0,21.0,-68.0,35.85055643879173,23.84737678855326,17.647058823529413,79.96820349761526,2021-10-05,1258
INDEX:M1LP,M1LP｜市場内部,raw,銘柄,銘柄,2026-10-05,2026-10-05,79.0,-52.0,35.0,38.0,37.0,52.0,76.86804451510334,89.34817170111288,57.869634340222575,43.48171701112877,2021-10-05,1258
INDEX:M3HP,M3HP｜市場内部,raw,銘柄,銘柄,2026-10-05,2026-10-05,16.0,10.0,10.0,-79.0,7.0,-55.0,26.31160572337043,12.957074721780604,17.488076311605724,84.65818759936407,2021-10-05,1258
INDEX:M3LP,M3LP｜市場内部,raw,銘柄,銘柄,2026-10-05,2026-10-05,53.0,-23.0,39.0,42.0,26.0,43.0,85.21462639109699,91.09697933227345,67.32909379968204,41.41494435612083,2021-10-05,1258
INDEX:M5HP,M5HP｜市場内部,raw,銘柄,銘柄,2026-10-05,2026-10-05,139.0,76.0,40.0,-108.0,-52.0,-64.0,54.372019077901435,17.488076311605724,72.89348171701113,76.47058823529412,2021-10-05,1258
INDEX:M5LP,M5LP｜市場内部,raw,銘柄,銘柄,2026-10-05,2026-10-05,105.0,-96.0,-16.0,3.0,36.0,50.0,50.31796502384738,79.3322734499205,31.08108108108108,23.68839427662957,2021-10-05,1258
INDEX:M6HP,M6HP｜市場内部,raw,銘柄,銘柄,2026-10-05,2026-10-05,15.0,9.0,11.0,-45.0,8.0,-49.0,32.432432432432435,16.772655007949126,18.282988871224166,91.65341812400636,2021-10-05,1258
INDEX:M6LP,M6LP｜市場内部,raw,銘柄,銘柄,2026-10-05,2026-10-05,27.0,-13.0,22.0,25.0,8.0,25.0,81.31955484896662,88.95071542130366,73.44992050874404,23.29093799682035,2021-10-05,1258
INDEX:MAHP,MAHP｜市場内部,raw,銘柄,銘柄,2026-10-05,2026-10-05,13.0,9.0,9.0,-37.0,6.0,-28.0,37.758346581876,17.40858505564388,23.68839427662957,83.54531001589825,2021-10-05,1258
INDEX:MALP,MALP｜市場内部,raw,銘柄,銘柄,2026-10-05,2026-10-05,20.0,-8.0,16.0,19.0,9.0,18.0,86.16852146263912,90.85850556438791,74.16534181240063,34.97615262321145,2021-10-05,1258
INDEX:NDFD,NDFD｜市場内部,raw,%,pp,2026-10-05,2026-10-05,71.28,31.68,23.25,9.520000000000003,-7.920000000000002,12.870000000000005,77.84860557768924,30.996015936254977,86.93227091633466,57.60956175298805,2021-10-05,1255
INDEX:NDFI,NDFI｜市場内部,raw,%,pp,2026-10-05,2026-10-05,48.51,1.9799999999999969,5.3799999999999955,-7.3700000000000045,20.79,-4.950000000000003,39.36254980079681,34.581673306772906,13.545816733067728,52.50996015936254,2021-10-05,1255
INDEX:NDOF,NDOF｜市場内部,raw,%,pp,2026-10-05,2026-10-05,59.4,6.93,-4.32,-2.3599999999999994,18.809999999999995,-3.960000000000001,56.81274900398407,34.581673306772906,18.56573705179283,70.83665338645419,2021-10-05,1255
INDEX:NDOH,NDOH｜市場内部,raw,%,pp,2026-10-05,2026-10-05,50.49,7.920000000000002,-5.390000000000001,-14.21,10.89,-4.949999999999996,38.48605577689243,23.346613545816734,20.159362549800797,52.669322709163346,2021-10-05,1255
INDEX:NDTH,NDTH｜市場内部,raw,%,pp,2026-10-05,2026-10-05,58.41,1.9799999999999969,-6.290000000000006,-4.330000000000005,14.849999999999994,-1.980000000000004,47.96812749003984,40.079681274900395,20.796812749003983,55.61752988047809,2021-10-05,1255
INDEX:NDTW,NDTW｜市場内部,raw,%,pp,2026-10-05,2026-10-05,58.41,2.969999999999999,26.059999999999995,1.5499999999999972,13.86,0.9899999999999949,60.318725099601586,54.342629482071715,33.62549800796813,58.40637450199203,2021-10-05,1255
INDEX:S5FD,S5FD｜市場内部,raw,%,pp,2026-10-05,2026-10-05,67.99,34.199999999999996,18.489999999999995,0.3399999999999892,-9.14,10.139999999999993,73.38645418326693,22.78884462151394,84.30278884462152,57.05179282868526,2021-10-05,1255
INDEX:S5FI,S5FI｜市場内部,raw,%,pp,2026-10-05,2026-10-05,26.83,2.379999999999999,-20.08,-40.230000000000004,-1.7900000000000027,-32.61,12.03187250996016,10.199203187250996,13.466135458167331,59.442231075697215,2021-10-05,1255
INDEX:S5OF,S5OF｜市場内部,raw,%,pp,2026-10-05,2026-10-05,43.53,0.7899999999999991,-17.9,-22.929999999999993,-1.7899999999999991,-24.459999999999994,21.593625498007967,20.39840637450199,23.904382470119522,79.6812749003984,2021-10-05,1255
INDEX:S5OH,S5OH｜市場内部,raw,%,pp,2026-10-05,2026-10-05,35.38,0.7899999999999991,-22.869999999999997,-30.089999999999996,-7.159999999999997,-28.630000000000003,15.139442231075698,14.342629482071715,24.06374501992032,69.00398406374502,2021-10-05,1255
INDEX:S5TH,S5TH｜市場内部,raw,%,pp,2026-10-05,2026-10-05,43.53,-0.3999999999999986,-20.480000000000004,-22.340000000000003,-4.780000000000001,-21.28,19.840637450199203,20.239043824701195,27.96812749003984,68.36653386454184,2021-10-05,1255
INDEX:S5TW,S5TW｜市場内部,raw,%,pp,2026-10-05,2026-10-05,34.79,5.369999999999997,-0.5900000000000034,-32.86000000000001,-17.689999999999998,-24.65,20.796812749003983,17.131474103585656,45.896414342629484,58.645418326693225,2021-10-05,1255
NASDAQ:NDX,Nasdaq 100,raw,指数ポイント,%,2026-10-05,2026-10-05,31076.4411,2.641067866793101,5.186426874668015,5.9572965901175,29.23997931524278,25.381427211343087,100.0,98.56573705179282,79.36254980079681,82.62948207171314,2021-10-05,1255
NASDAQ:QNXT,QNXT｜上位30社以外,raw,USD,%,2026-10-05,2026-10-05,31.3211,1.6054525046875767,-0.472200243408738,0.45124501289273145,18.752535535410296,10.753927701300213,93.01848049281314,87.26899383983573,39.83572895277207,73.71663244353182,2024-10-24,487
NASDAQ:QQQ,QQQ｜Nasdaq 100,raw,USD,%,2026-10-05,2026-10-05,756.2,2.670631203073892,5.179704016913322,6.118439517260743,29.269376730828412,25.36887827845753,100.0,98.56573705179282,79.36254980079681,82.54980079681275,2021-10-05,1255
NASDAQ:QQQE,Nasdaq均等加重,raw,USD,%,2026-10-05,2026-10-05,122.29,1.9423141047015813,1.2753623188405783,1.7811069496462828,23.20169252468265,19.005449591280655,99.12350597609561,96.25498007968127,79.04382470119522,85.1792828685259,2021-10-05,1255
NASDAQ:QTOP,QTOP｜上位30社,raw,USD,%,2026-10-05,2026-10-05,40.12,2.898179020261593,6.7873303167420795,7.849462365591386,31.886916502301112,28.96174863387977,100.0,97.1252566735113,46.81724845995893,53.798767967145785,2024-10-24,487
NASDAQ:SOX,SOX｜半導体,raw,指数ポイント,%,2026-10-05,2026-10-05,13172.7364,5.67574077344799,12.249184986268391,4.3284121065039205,68.1614488425734,100.07970844189677,98.72509960159363,96.81274900398407,87.09163346613545,80.3187250996016,2021-10-05,1255
NASDAQ:VOLI,VOLI,raw,指数ポイント,%,2026-10-05,2026-10-02,12.9299,-4.02603861256059,8.546987021273033,-3.4916440881643918,-36.33695882303704,-2.2469021932245203,30.303030303030305,37.719298245614034,79.74481658692186,34.13078149920255,2021-10-05,1254
NYMEX:CL1!,WTI期近,raw,USD/バレル,%,2026-10-05,2026-10-05,89.43,-3.423326133909277,-2.2409269785745534,30.459518599562372,-19.82248520710059,46.89553219448095,81.13057324840764,85.74840764331209,97.92993630573248,6.210191082802548,2021-10-05,1256
TVC:DXY,ドル指数,raw,指数ポイント,%,2026-10-05,2026-10-05,102.101,0.9162433036155493,2.9669520668824667,1.212355518547148,1.9124619454010006,4.492841133546888,48.793774319066145,41.55642023346304,35.797665369649806,11.906614785992216,2021-10-05,1285
TVC:GOLD,金現物,raw,USD/トロイオンス,%,2026-10-05,2026-10-05,4138.8,0.6321727290410362,-6.529054405022682,-0.6301252447452499,-11.504727530864711,6.514723367458819,84.95222929936305,84.07643312101911,95.06369426751591,80.01592356687898,2021-10-05,1256
TVC:MOVE,MOVE,raw,指数ポイント,%,2026-10-05,2026-10-05,113.6051,11.573787622543952,55.400967108727905,73.71474444741773,34.580078067156705,63.38887250918659,68.97689768976898,50.66006600660066,28.135313531353134,8.58085808580858,2021-10-05,1212
TVC:SILVER,銀現物,raw,USD/トロイオンス,%,2026-10-05,2026-10-05,61.034,0.7161716171617094,-7.795268453334147,-1.7205426512620248,-16.406667305822253,27.209820963338128,86.30573248407643,85.98726114649682,92.7547770700637,80.49363057324841,2021-10-05,1256
TVC:SPX,S&P 500指数,raw,指数ポイント,%,2026-10-05,2026-10-05,7773.96,1.1746944831266148,0.7170980267172444,3.8848094076771478,18.097008973535146,15.756448608428798,99.8406374501992,98.08764940239044,79.52191235059762,82.47011952191235,2021-10-05,1255
TVC:US02Y,米2年金利,raw,%,bp,2026-10-05,2026-10-05,4.812,-11.899999999999977,43.80000000000006,67.50000000000007,100.70000000000002,123.60000000000002,88.11023622047244,93.38582677165354,36.77165354330709,27.086614173228345,2021-10-05,1270
TVC:US10Y,米10年金利,raw,%,bp,2026-10-05,2026-10-05,5.307,7.100000000000062,52.300000000000054,82.2,99.80000000000003,118.6,100.0,99.68503937007874,70.62992125984252,49.68503937007874,2021-10-05,1270
TVC:US30Y,米30年金利,raw,%,bp,2026-10-05,2026-10-05,5.661,11.099999999999977,41.69999999999998,67.59999999999992,78.09999999999997,94.99999999999993,100.0,99.6066089693155,83.16286388670339,68.21400472069237,2021-10-05,1271
USI:PCC,PCC｜全体,raw,比率,points,2026-10-05,2026-10-05,0.831644,-0.018839999999999968,0.041233000000000075,0.055937000000000014,-0.207611,0.04036300000000004,19.282868525896415,25.41832669322709,82.54980079681275,9.9601593625498,2021-10-05,1255
USI:PCCE,PCCE｜個別株,raw,指数ポイント,%,2026-10-05,2026-10-05,0.761665,-1.3054914867701495,7.544257971235502,,-17.76301227727133,23.038712856092868,46.29482071713147,49.00398406374502,83.26693227091634,8.844621513944222,2021-10-05,1255
USI:PCCI,PCCI｜指数,raw,指数ポイント,%,2026-10-05,2026-10-05,0.913364,-5.176858254890582,1.5273047406471951,17.746004612566324,-21.643038832577677,-16.656644508419983,5.657370517928287,11.39442231075697,61.11553784860557,43.34661354581673,2021-10-05,1255
RSP/SPY,RSP/SPY｜RSP / SPY,ratio,倍率,%,2026-10-05,2026-10-05,0.2724726714246996,-0.539810255809936,-4.175467212516248,-5.573404576944885,-7.454683256273887,-4.658072447517259,0.1593625498007968,0.7171314741035857,23.02788844621514,13.227091633466134,2021-10-05,1255
QQQE/QQQ,QQQE/QQQ｜QQQE / QQQ,ratio,倍率,%,2026-10-05,2026-10-05,0.16171647712245438,-0.7093723782916617,-3.7120675842982953,-4.087256265117778,-4.6938295515884025,-5.075764236354596,1.1155378486055778,2.0717131474103585,18.00796812749004,20.39840637450199,2021-10-05,1255
SPHB/SPLV,SPHB/SPLV｜SPHB / SPLV,ratio,倍率,%,2026-10-05,2026-10-05,2.1883527922351944,3.412392414463161,10.228796125932348,13.569367431996259,38.370395135685854,42.69146857291377,100.0,98.96414342629483,83.10756972111554,80.95617529880478,2021-10-05,1255
COR1M/COR3M,COR1M/COR3M｜COR1M / COR3M,ratio,倍率,%,2026-10-05,2026-10-05,0.7261092150170648,-11.548157639117228,-19.536967219620614,12.919645985543537,-28.347542662116044,12.066530690811629,16.97211155378486,34.103585657370516,74.5019920318725,8.207171314741036,2021-10-05,1255
GDX/GLD,GDX/GLD｜GDX / GLD,ratio,倍率,%,2026-10-05,2026-10-05,0.23032538532472666,-0.964539346834159,-5.612072346827479,11.045439185055317,4.560760875664305,6.867632080351904,96.73306772908367,97.13147410358566,92.82868525896414,89.88047808764941,2021-10-05,1255
IWM/SPY,IWM/SPY｜IWM / SPY,ratio,倍率,%,2026-10-05,2026-10-05,0.3657318379515506,-0.004302387655641393,-4.840037744702941,-8.465031833605785,-4.549360784844025,-0.43875715919244884,15.53784860557769,15.617529880478088,31.155378486055778,17.131474103585656,2021-10-05,1255
QNXT/QTOP,QNXT/QTOP｜QNXT / QTOP,ratio,倍率,%,2026-10-05,2026-10-05,0.7806854436689931,-1.2563162223886204,-6.7981197194632585,-6.8597628494613705,-9.95882026452688,-14.118776401110422,0.8213552361396305,3.4907597535934287,33.47022587268994,60.78028747433265,2024-10-24,487
VIX1D/VIX,VIX1D/VIX｜VIX1D / VIX,ratio,倍率,%,2026-10-05,2026-10-05,0.5786082474226805,-17.495700655878643,-30.114897464243164,-29.315255704415378,-49.94063477354338,-18.907177444548584,3.8112522686025407,22.23230490018149,94.64609800362976,24.773139745916513,2022-05-13,1102
VIX9D/VIX,VIX9D/VIX｜VIX9D / VIX,ratio,倍率,%,2026-10-05,2026-10-05,0.8279639175257731,-7.537316507024494,0.5038907405971793,8.097148488611449,-8.965920260984783,2.3429786696668176,10.278884462151394,33.70517928286853,39.44223107569721,6.613545816733067,2021-10-05,1255
VVIX/VIX,VVIX/VIX｜VVIX / VIX,ratio,倍率,%,2026-10-05,2026-10-05,5.506443298969072,-2.781208729473761,-5.22551393743117,0.14533702516947855,13.967572657930937,-3.27853051183139,46.77290836653387,55.298804780876495,26.932270916334662,56.65338645418326,2021-10-05,1255
VX1/VX2,VX1/VX2｜VIX先物期近 / 期先,ratio,倍率,%,2026-10-05,2026-10-05,0.9623028452035085,0.4227628783779247,7.301538261373208,3.7728797850736573,-5.907986869108628,4.4776020064750455,61.70382165605095,57.961783439490446,93.07324840764332,20.621019108280255,2021-10-05,1256
HYG/LQD,HYG/LQD｜HYG / LQD,ratio,倍率,%,2026-10-05,2026-10-05,0.7559658253952667,-0.09824848045786316,0.7317777446851137,3.0336560920107614,3.6840005871436654,4.314680631917356,99.9203187250996,100.0,72.03187250996017,63.10756972111554,2021-10-05,1255
1M高値-安値,1M高値-安値｜1か月高値−安値,diff,ポイント,銘柄,2026-10-05,2026-10-05,-39.0,65.0,-5.0,-148.0,-16.0,-120.0,23.84737678855326,11.208267090620032,28.45786963434022,77.98092209856917,2021-10-05,1258
52W高値-安値,52W高値-安値｜52週高値−安値,diff,ポイント,銘柄,2026-10-05,2026-10-05,-7.0,17.0,-7.0,-56.0,-3.0,-46.0,16.534181240063592,7.790143084260731,19.793322734499206,85.77106518282989,2021-10-05,1258
5D高値-安値,5D高値-安値｜5日高値−安値,diff,ポイント,銘柄,2026-10-05,2026-10-05,34.0,172.0,56.0,-111.0,-88.0,-114.0,51.51033386327504,18.441971383147855,74.40381558028616,78.69634340222575,2021-10-05,1258
10Y-2Y,10Y-2Y｜米10年−2年（bp）,bp,bp,bp,2026-10-05,2026-10-05,49.500000000000014,19.000000000000043,8.5,14.699999999999939,-0.8999999999999844,-5.000000000000021,75.41371158392435,59.968479117415285,76.8321513002364,84.39716312056737,2021-10-05,1269
30Y-10Y,30Y-10Y｜米30年−10年（bp）,bp,bp,bp,2026-10-05,2026-10-05,35.39999999999992,3.9999999999999147,-10.60000000000008,-14.60000000000008,-21.700000000000053,-23.600000000000065,65.43307086614173,59.527559055118104,86.14173228346456,88.58267716535433,2021-10-05,1270
SPX_RV20,SPX_RV20｜SPX_RV20｜20日実現ボラ,rv,%,points,2026-10-05,2026-10-05,10.496179815536426,-0.6122803876034322,2.1973794237639144,-7.097637149702571,-8.252202948045404,4.696538949205204,23.266932270916335,29.561752988047807,76.81274900398407,0.3187250996015936,2021-10-05,1255
VIX-RV20,VIX-RV20｜VIX-RV20｜VIX−実現ボラ,diff,ポイント,points,2026-10-05,2026-10-05,5.023820184463574,0.062280387603431464,-1.2073794237639142,6.467637149702572,-0.09779705195459698,-5.826538949205203,62.39043824701195,61.59362549800797,63.027888446215144,95.5378486055777,2021-10-05,1255
