期間,種別,セグメント,指標,値,単位,利益定義,比較区分,出典
FY03/23,実績,全社,売上,5177,億円,通常OP,連結,https://ir.gs-yuasa.com/jp/ir/library/presentation/main/01/teaserItems1/01111111111115/linkList/00/link/SM2020260513.pdf#page=2
FY03/23,実績,全社,OP,315,億円,通常OP,連結,https://ir.gs-yuasa.com/jp/ir/library/presentation/main/01/teaserItems1/01111111111115/linkList/00/link/SM2020260513.pdf#page=2
FY03/24,実績,全社,売上,5629,億円,通常OP,連結,https://ir.gs-yuasa.com/jp/ir/library/presentation/main/01/teaserItems1/01111111111115/linkList/00/link/SM2020260513.pdf#page=2
FY03/24,実績,全社,OP,416,億円,通常OP,連結,https://ir.gs-yuasa.com/jp/ir/library/presentation/main/01/teaserItems1/01111111111115/linkList/00/link/SM2020260513.pdf#page=2
FY03/25,実績,全社,売上,5803,億円,通常OP,連結,https://ir.gs-yuasa.com/jp/ir/library/presentation/main/01/teaserItems1/01111111111115/linkList/00/link/SM2020260513.pdf#page=2
FY03/25,実績,全社,OP,500,億円,通常OP,連結,https://ir.gs-yuasa.com/jp/ir/library/presentation/main/01/teaserItems1/01111111111115/linkList/00/link/SM2020260513.pdf#page=2
FY03/26,実績,全社,売上,6090,億円,通常OP,連結,https://ir.gs-yuasa.com/jp/ir/library/presentation/main/01/teaserItems1/01111111111115/linkList/00/link/SM2020260513.pdf#page=2
FY03/26,実績,全社,OP,602,億円,通常OP,連結,https://ir.gs-yuasa.com/jp/ir/library/presentation/main/01/teaserItems1/01111111111115/linkList/00/link/SM2020260513.pdf#page=2
FY03/27,当初予想,全社,売上,6600,億円,通常OP,連結,https://ir.gs-yuasa.com/jp/ir/library/presentation/main/01/teaserItems1/01111111111113/linkList/0/link/PM20260513.pdf#page=46
FY03/27,当初予想,全社,OP,600,億円,通常OP,連結,https://ir.gs-yuasa.com/jp/ir/library/presentation/main/01/teaserItems1/01111111111113/linkList/0/link/PM20260513.pdf#page=46
FY03/27,修正予想,全社,売上,6800,億円,通常OP,連結,https://ir.gs-yuasa.com/jp/ir/library/presentation/main/01/teaserItems1/011111111116/linkList/0/link/PM20260805.pdf#page=15
FY03/27,修正予想,全社,OP,630,億円,通常OP,連結,https://ir.gs-yuasa.com/jp/ir/library/presentation/main/01/teaserItems1/011111111116/linkList/0/link/PM20260805.pdf#page=15
FY03/29,中計,全社,売上,7200,億円,通常OP,連結,https://ir.gs-yuasa.com/jp/ir/library/presentation/main/01/teaserItems1/01111111111113/linkList/0/link/PM20260513.pdf#page=55
FY03/29,中計,全社,OP,650,億円,通常OP,連結,https://ir.gs-yuasa.com/jp/ir/library/presentation/main/01/teaserItems1/01111111111113/linkList/0/link/PM20260513.pdf#page=55
"FY03/27Q1,2累計",当初予想,全社,売上,3090,億円,通常OP,連結,https://ir.gs-yuasa.com/jp/ir/library/presentation/main/01/teaserItems1/01111111111113/linkList/0/link/PM20260513.pdf#page=46
"FY03/27Q1,2累計",当初予想,全社,OP,190,億円,通常OP,連結,https://ir.gs-yuasa.com/jp/ir/library/presentation/main/01/teaserItems1/01111111111113/linkList/0/link/PM20260513.pdf#page=46
"FY03/27Q1,2累計",修正予想,全社,売上,3130,億円,通常OP,連結,https://ir.gs-yuasa.com/jp/ir/library/presentation/main/01/teaserItems1/011111111116/linkList/0/link/PM20260805.pdf#page=4
"FY03/27Q1,2累計",修正予想,全社,OP,220,億円,通常OP,連結,https://ir.gs-yuasa.com/jp/ir/library/presentation/main/01/teaserItems1/011111111116/linkList/0/link/PM20260805.pdf#page=4
FY03/26,組替後概算,鉛蓄電池（国内）,売上,1080,億円,通常OP,新区分,https://ir.gs-yuasa.com/jp/ir/library/presentation/main/01/teaserItems1/011111111116/linkList/0/link/PM20260805.pdf#page=16
FY03/26,組替後概算,鉛蓄電池（国内）,OP,116,億円,通常OP,新区分,https://ir.gs-yuasa.com/jp/ir/library/presentation/main/01/teaserItems1/011111111116/linkList/0/link/PM20260805.pdf#page=16
FY03/27,当初予想,鉛蓄電池（国内）,売上,1130,億円,通常OP,新区分,https://ir.gs-yuasa.com/jp/ir/library/presentation/main/01/teaserItems1/01111111111113/linkList/0/link/PM20260513.pdf#page=48
FY03/27,当初予想,鉛蓄電池（国内）,OP,115,億円,通常OP,新区分,https://ir.gs-yuasa.com/jp/ir/library/presentation/main/01/teaserItems1/01111111111113/linkList/0/link/PM20260513.pdf#page=48
FY03/27,修正予想,鉛蓄電池（国内）,売上,1170,億円,通常OP,新区分,https://ir.gs-yuasa.com/jp/ir/library/presentation/main/01/teaserItems1/011111111116/linkList/0/link/PM20260805.pdf#page=16
FY03/27,修正予想,鉛蓄電池（国内）,OP,120,億円,通常OP,新区分,https://ir.gs-yuasa.com/jp/ir/library/presentation/main/01/teaserItems1/011111111116/linkList/0/link/PM20260805.pdf#page=16
FY03/29,中計,鉛蓄電池（国内）,売上,1200,億円,通常OP,新区分,https://ir.gs-yuasa.com/jp/ir/library/presentation/main/01/teaserItems1/01111111111113/linkList/0/link/PM20260513.pdf#page=55
FY03/29,中計,鉛蓄電池（国内）,OP,120,億円,通常OP,新区分,https://ir.gs-yuasa.com/jp/ir/library/presentation/main/01/teaserItems1/01111111111113/linkList/0/link/PM20260513.pdf#page=55
FY03/26,組替後概算,鉛蓄電池（海外）,売上,2332,億円,通常OP,新区分,https://ir.gs-yuasa.com/jp/ir/library/presentation/main/01/teaserItems1/011111111116/linkList/0/link/PM20260805.pdf#page=16
FY03/26,組替後概算,鉛蓄電池（海外）,OP,225,億円,通常OP,新区分,https://ir.gs-yuasa.com/jp/ir/library/presentation/main/01/teaserItems1/011111111116/linkList/0/link/PM20260805.pdf#page=16
FY03/27,当初予想,鉛蓄電池（海外）,売上,2240,億円,通常OP,新区分,https://ir.gs-yuasa.com/jp/ir/library/presentation/main/01/teaserItems1/01111111111113/linkList/0/link/PM20260513.pdf#page=48
FY03/27,当初予想,鉛蓄電池（海外）,OP,230,億円,通常OP,新区分,https://ir.gs-yuasa.com/jp/ir/library/presentation/main/01/teaserItems1/01111111111113/linkList/0/link/PM20260513.pdf#page=48
FY03/27,修正予想,鉛蓄電池（海外）,売上,2400,億円,通常OP,新区分,https://ir.gs-yuasa.com/jp/ir/library/presentation/main/01/teaserItems1/011111111116/linkList/0/link/PM20260805.pdf#page=16
FY03/27,修正予想,鉛蓄電池（海外）,OP,265,億円,通常OP,新区分,https://ir.gs-yuasa.com/jp/ir/library/presentation/main/01/teaserItems1/011111111116/linkList/0/link/PM20260805.pdf#page=16
FY03/29,中計,鉛蓄電池（海外）,売上,2300,億円,通常OP,新区分,https://ir.gs-yuasa.com/jp/ir/library/presentation/main/01/teaserItems1/01111111111113/linkList/0/link/PM20260513.pdf#page=55
FY03/29,中計,鉛蓄電池（海外）,OP,240,億円,通常OP,新区分,https://ir.gs-yuasa.com/jp/ir/library/presentation/main/01/teaserItems1/01111111111113/linkList/0/link/PM20260513.pdf#page=55
FY03/26,組替後概算,リチウムイオン電池,売上,899,億円,通常OP,新区分,https://ir.gs-yuasa.com/jp/ir/library/presentation/main/01/teaserItems1/011111111116/linkList/0/link/PM20260805.pdf#page=16
FY03/26,組替後概算,リチウムイオン電池,OP,49,億円,通常OP,新区分,https://ir.gs-yuasa.com/jp/ir/library/presentation/main/01/teaserItems1/011111111116/linkList/0/link/PM20260805.pdf#page=16
FY03/27,当初予想,リチウムイオン電池,売上,1070,億円,通常OP,新区分,https://ir.gs-yuasa.com/jp/ir/library/presentation/main/01/teaserItems1/01111111111113/linkList/0/link/PM20260513.pdf#page=48
FY03/27,当初予想,リチウムイオン電池,OP,50,億円,通常OP,新区分,https://ir.gs-yuasa.com/jp/ir/library/presentation/main/01/teaserItems1/01111111111113/linkList/0/link/PM20260513.pdf#page=48
FY03/27,修正予想,リチウムイオン電池,売上,1070,億円,通常OP,新区分,https://ir.gs-yuasa.com/jp/ir/library/presentation/main/01/teaserItems1/011111111116/linkList/0/link/PM20260805.pdf#page=16
FY03/27,修正予想,リチウムイオン電池,OP,40,億円,通常OP,新区分,https://ir.gs-yuasa.com/jp/ir/library/presentation/main/01/teaserItems1/011111111116/linkList/0/link/PM20260805.pdf#page=16
FY03/29,中計,リチウムイオン電池,売上,1100,億円,通常OP,新区分,https://ir.gs-yuasa.com/jp/ir/library/presentation/main/01/teaserItems1/01111111111113/linkList/0/link/PM20260513.pdf#page=55
FY03/29,中計,リチウムイオン電池,OP,50,億円,通常OP,新区分,https://ir.gs-yuasa.com/jp/ir/library/presentation/main/01/teaserItems1/01111111111113/linkList/0/link/PM20260513.pdf#page=55
FY03/26,組替後概算,産業電池電源,売上,1554,億円,通常OP,新区分,https://ir.gs-yuasa.com/jp/ir/library/presentation/main/01/teaserItems1/011111111116/linkList/0/link/PM20260805.pdf#page=16
FY03/26,組替後概算,産業電池電源,OP,197,億円,通常OP,新区分,https://ir.gs-yuasa.com/jp/ir/library/presentation/main/01/teaserItems1/011111111116/linkList/0/link/PM20260805.pdf#page=16
FY03/27,当初予想,産業電池電源,売上,1900,億円,通常OP,新区分,https://ir.gs-yuasa.com/jp/ir/library/presentation/main/01/teaserItems1/01111111111113/linkList/0/link/PM20260513.pdf#page=48
FY03/27,当初予想,産業電池電源,OP,195,億円,通常OP,新区分,https://ir.gs-yuasa.com/jp/ir/library/presentation/main/01/teaserItems1/01111111111113/linkList/0/link/PM20260513.pdf#page=48
FY03/27,修正予想,産業電池電源,売上,1900,億円,通常OP,新区分,https://ir.gs-yuasa.com/jp/ir/library/presentation/main/01/teaserItems1/011111111116/linkList/0/link/PM20260805.pdf#page=16
FY03/27,修正予想,産業電池電源,OP,195,億円,通常OP,新区分,https://ir.gs-yuasa.com/jp/ir/library/presentation/main/01/teaserItems1/011111111116/linkList/0/link/PM20260805.pdf#page=16
FY03/29,中計,産業電池電源,売上,2300,億円,通常OP,新区分,https://ir.gs-yuasa.com/jp/ir/library/presentation/main/01/teaserItems1/01111111111113/linkList/0/link/PM20260513.pdf#page=55
FY03/29,中計,産業電池電源,OP,230,億円,通常OP,新区分,https://ir.gs-yuasa.com/jp/ir/library/presentation/main/01/teaserItems1/01111111111113/linkList/0/link/PM20260513.pdf#page=55
FY03/26,組替後概算,航空・宇宙・防衛,売上,196,億円,通常OP,新区分,https://ir.gs-yuasa.com/jp/ir/library/presentation/main/01/teaserItems1/011111111116/linkList/0/link/PM20260805.pdf#page=16
FY03/26,組替後概算,航空・宇宙・防衛,OP,27,億円,通常OP,新区分,https://ir.gs-yuasa.com/jp/ir/library/presentation/main/01/teaserItems1/011111111116/linkList/0/link/PM20260805.pdf#page=16
FY03/27,当初予想,航空・宇宙・防衛,売上,230,億円,通常OP,新区分,https://ir.gs-yuasa.com/jp/ir/library/presentation/main/01/teaserItems1/01111111111113/linkList/0/link/PM20260513.pdf#page=48
FY03/27,当初予想,航空・宇宙・防衛,OP,25,億円,通常OP,新区分,https://ir.gs-yuasa.com/jp/ir/library/presentation/main/01/teaserItems1/01111111111113/linkList/0/link/PM20260513.pdf#page=48
FY03/27,修正予想,航空・宇宙・防衛,売上,230,億円,通常OP,新区分,https://ir.gs-yuasa.com/jp/ir/library/presentation/main/01/teaserItems1/011111111116/linkList/0/link/PM20260805.pdf#page=16
FY03/27,修正予想,航空・宇宙・防衛,OP,25,億円,通常OP,新区分,https://ir.gs-yuasa.com/jp/ir/library/presentation/main/01/teaserItems1/011111111116/linkList/0/link/PM20260805.pdf#page=16
FY03/29,中計,航空・宇宙・防衛,売上,250,億円,通常OP,新区分,https://ir.gs-yuasa.com/jp/ir/library/presentation/main/01/teaserItems1/01111111111113/linkList/0/link/PM20260513.pdf#page=55
FY03/29,中計,航空・宇宙・防衛,OP,25,億円,通常OP,新区分,https://ir.gs-yuasa.com/jp/ir/library/presentation/main/01/teaserItems1/01111111111113/linkList/0/link/PM20260513.pdf#page=55
FY03/26,組替後概算,その他,売上,29,億円,通常OP,新区分,https://ir.gs-yuasa.com/jp/ir/library/presentation/main/01/teaserItems1/011111111116/linkList/0/link/PM20260805.pdf#page=16
FY03/26,組替後概算,その他,OP,-12,億円,通常OP,新区分,https://ir.gs-yuasa.com/jp/ir/library/presentation/main/01/teaserItems1/011111111116/linkList/0/link/PM20260805.pdf#page=16
FY03/27,当初予想,その他,売上,30,億円,通常OP,新区分,https://ir.gs-yuasa.com/jp/ir/library/presentation/main/01/teaserItems1/01111111111113/linkList/0/link/PM20260513.pdf#page=48
FY03/27,当初予想,その他,OP,-15,億円,通常OP,新区分,https://ir.gs-yuasa.com/jp/ir/library/presentation/main/01/teaserItems1/01111111111113/linkList/0/link/PM20260513.pdf#page=48
FY03/27,修正予想,その他,売上,30,億円,通常OP,新区分,https://ir.gs-yuasa.com/jp/ir/library/presentation/main/01/teaserItems1/011111111116/linkList/0/link/PM20260805.pdf#page=16
FY03/27,修正予想,その他,OP,-15,億円,通常OP,新区分,https://ir.gs-yuasa.com/jp/ir/library/presentation/main/01/teaserItems1/011111111116/linkList/0/link/PM20260805.pdf#page=16
FY03/29,中計,その他,売上,50,億円,通常OP,新区分,https://ir.gs-yuasa.com/jp/ir/library/presentation/main/01/teaserItems1/01111111111113/linkList/0/link/PM20260513.pdf#page=55
FY03/29,中計,その他,OP,-15,億円,通常OP,新区分,https://ir.gs-yuasa.com/jp/ir/library/presentation/main/01/teaserItems1/01111111111113/linkList/0/link/PM20260513.pdf#page=55
FY03/26Q1,実績,鉛蓄電池（国内）,売上,224,億円,通常OP,新区分,https://ir.gs-yuasa.com/jp/ir/library/presentation/main/01/teaserItems1/011111111116/linkList/0/link/PM20260805.pdf#page=21
FY03/26Q1,実績,鉛蓄電池（国内）,OP,17,億円,通常OP,新区分,https://ir.gs-yuasa.com/jp/ir/library/presentation/main/01/teaserItems1/011111111116/linkList/0/link/PM20260805.pdf#page=21
FY03/26Q2,組替後概算,鉛蓄電池（国内）,売上,247,億円,通常OP,新区分,https://ir.gs-yuasa.com/jp/ir/library/presentation/main/01/teaserItems1/011111111116/linkList/0/link/PM20260805.pdf#page=21
FY03/26Q2,組替後概算,鉛蓄電池（国内）,OP,20,億円,通常OP,新区分,https://ir.gs-yuasa.com/jp/ir/library/presentation/main/01/teaserItems1/011111111116/linkList/0/link/PM20260805.pdf#page=21
FY03/26Q3,組替後概算,鉛蓄電池（国内）,売上,309,億円,通常OP,新区分,https://ir.gs-yuasa.com/jp/ir/library/presentation/main/01/teaserItems1/011111111116/linkList/0/link/PM20260805.pdf#page=21
FY03/26Q3,組替後概算,鉛蓄電池（国内）,OP,42,億円,通常OP,新区分,https://ir.gs-yuasa.com/jp/ir/library/presentation/main/01/teaserItems1/011111111116/linkList/0/link/PM20260805.pdf#page=21
FY03/26Q4,組替後概算,鉛蓄電池（国内）,売上,300,億円,通常OP,新区分,https://ir.gs-yuasa.com/jp/ir/library/presentation/main/01/teaserItems1/011111111116/linkList/0/link/PM20260805.pdf#page=21
FY03/26Q4,組替後概算,鉛蓄電池（国内）,OP,37,億円,通常OP,新区分,https://ir.gs-yuasa.com/jp/ir/library/presentation/main/01/teaserItems1/011111111116/linkList/0/link/PM20260805.pdf#page=21
FY03/27Q1,実績,鉛蓄電池（国内）,売上,245,億円,通常OP,新区分,https://ir.gs-yuasa.com/jp/ir/library/presentation/main/01/teaserItems1/011111111116/linkList/0/link/PM20260805.pdf#page=21
FY03/27Q1,実績,鉛蓄電池（国内）,OP,24,億円,通常OP,新区分,https://ir.gs-yuasa.com/jp/ir/library/presentation/main/01/teaserItems1/011111111116/linkList/0/link/PM20260805.pdf#page=21
FY03/26Q1,実績,鉛蓄電池（海外）,売上,514,億円,通常OP,新区分,https://ir.gs-yuasa.com/jp/ir/library/presentation/main/01/teaserItems1/011111111116/linkList/0/link/PM20260805.pdf#page=21
FY03/26Q1,実績,鉛蓄電池（海外）,OP,38,億円,通常OP,新区分,https://ir.gs-yuasa.com/jp/ir/library/presentation/main/01/teaserItems1/011111111116/linkList/0/link/PM20260805.pdf#page=21
FY03/26Q2,組替後概算,鉛蓄電池（海外）,売上,554,億円,通常OP,新区分,https://ir.gs-yuasa.com/jp/ir/library/presentation/main/01/teaserItems1/011111111116/linkList/0/link/PM20260805.pdf#page=21
FY03/26Q2,組替後概算,鉛蓄電池（海外）,OP,43,億円,通常OP,新区分,https://ir.gs-yuasa.com/jp/ir/library/presentation/main/01/teaserItems1/011111111116/linkList/0/link/PM20260805.pdf#page=21
FY03/26Q3,組替後概算,鉛蓄電池（海外）,売上,641,億円,通常OP,新区分,https://ir.gs-yuasa.com/jp/ir/library/presentation/main/01/teaserItems1/011111111116/linkList/0/link/PM20260805.pdf#page=21
FY03/26Q3,組替後概算,鉛蓄電池（海外）,OP,65,億円,通常OP,新区分,https://ir.gs-yuasa.com/jp/ir/library/presentation/main/01/teaserItems1/011111111116/linkList/0/link/PM20260805.pdf#page=21
FY03/26Q4,組替後概算,鉛蓄電池（海外）,売上,623,億円,通常OP,新区分,https://ir.gs-yuasa.com/jp/ir/library/presentation/main/01/teaserItems1/011111111116/linkList/0/link/PM20260805.pdf#page=21
FY03/26Q4,組替後概算,鉛蓄電池（海外）,OP,78,億円,通常OP,新区分,https://ir.gs-yuasa.com/jp/ir/library/presentation/main/01/teaserItems1/011111111116/linkList/0/link/PM20260805.pdf#page=21
FY03/27Q1,実績,鉛蓄電池（海外）,売上,578,億円,通常OP,新区分,https://ir.gs-yuasa.com/jp/ir/library/presentation/main/01/teaserItems1/011111111116/linkList/0/link/PM20260805.pdf#page=21
FY03/27Q1,実績,鉛蓄電池（海外）,OP,72,億円,通常OP,新区分,https://ir.gs-yuasa.com/jp/ir/library/presentation/main/01/teaserItems1/011111111116/linkList/0/link/PM20260805.pdf#page=21
FY03/26Q1,実績,リチウムイオン電池,売上,194,億円,通常OP,新区分,https://ir.gs-yuasa.com/jp/ir/library/presentation/main/01/teaserItems1/011111111116/linkList/0/link/PM20260805.pdf#page=21
FY03/26Q1,実績,リチウムイオン電池,OP,△0,億円,通常OP,新区分,https://ir.gs-yuasa.com/jp/ir/library/presentation/main/01/teaserItems1/011111111116/linkList/0/link/PM20260805.pdf#page=21
FY03/26Q2,組替後概算,リチウムイオン電池,売上,211,億円,通常OP,新区分,https://ir.gs-yuasa.com/jp/ir/library/presentation/main/01/teaserItems1/011111111116/linkList/0/link/PM20260805.pdf#page=21
FY03/26Q2,組替後概算,リチウムイオン電池,OP,9,億円,通常OP,新区分,https://ir.gs-yuasa.com/jp/ir/library/presentation/main/01/teaserItems1/011111111116/linkList/0/link/PM20260805.pdf#page=21
FY03/26Q3,組替後概算,リチウムイオン電池,売上,212,億円,通常OP,新区分,https://ir.gs-yuasa.com/jp/ir/library/presentation/main/01/teaserItems1/011111111116/linkList/0/link/PM20260805.pdf#page=21
FY03/26Q3,組替後概算,リチウムイオン電池,OP,18,億円,通常OP,新区分,https://ir.gs-yuasa.com/jp/ir/library/presentation/main/01/teaserItems1/011111111116/linkList/0/link/PM20260805.pdf#page=21
FY03/26Q4,組替後概算,リチウムイオン電池,売上,283,億円,通常OP,新区分,https://ir.gs-yuasa.com/jp/ir/library/presentation/main/01/teaserItems1/011111111116/linkList/0/link/PM20260805.pdf#page=21
FY03/26Q4,組替後概算,リチウムイオン電池,OP,22,億円,通常OP,新区分,https://ir.gs-yuasa.com/jp/ir/library/presentation/main/01/teaserItems1/011111111116/linkList/0/link/PM20260805.pdf#page=21
FY03/27Q1,実績,リチウムイオン電池,売上,215,億円,通常OP,新区分,https://ir.gs-yuasa.com/jp/ir/library/presentation/main/01/teaserItems1/011111111116/linkList/0/link/PM20260805.pdf#page=21
FY03/27Q1,実績,リチウムイオン電池,OP,8,億円,通常OP,新区分,https://ir.gs-yuasa.com/jp/ir/library/presentation/main/01/teaserItems1/011111111116/linkList/0/link/PM20260805.pdf#page=21
FY03/26Q1,実績,産業電池電源,売上,332,億円,通常OP,新区分,https://ir.gs-yuasa.com/jp/ir/library/presentation/main/01/teaserItems1/011111111116/linkList/0/link/PM20260805.pdf#page=21
FY03/26Q1,実績,産業電池電源,OP,25,億円,通常OP,新区分,https://ir.gs-yuasa.com/jp/ir/library/presentation/main/01/teaserItems1/011111111116/linkList/0/link/PM20260805.pdf#page=21
FY03/26Q2,組替後概算,産業電池電源,売上,339,億円,通常OP,新区分,https://ir.gs-yuasa.com/jp/ir/library/presentation/main/01/teaserItems1/011111111116/linkList/0/link/PM20260805.pdf#page=21
FY03/26Q2,組替後概算,産業電池電源,OP,26,億円,通常OP,新区分,https://ir.gs-yuasa.com/jp/ir/library/presentation/main/01/teaserItems1/011111111116/linkList/0/link/PM20260805.pdf#page=21
FY03/26Q3,組替後概算,産業電池電源,売上,390,億円,通常OP,新区分,https://ir.gs-yuasa.com/jp/ir/library/presentation/main/01/teaserItems1/011111111116/linkList/0/link/PM20260805.pdf#page=21
FY03/26Q3,組替後概算,産業電池電源,OP,61,億円,通常OP,新区分,https://ir.gs-yuasa.com/jp/ir/library/presentation/main/01/teaserItems1/011111111116/linkList/0/link/PM20260805.pdf#page=21
FY03/26Q4,組替後概算,産業電池電源,売上,492,億円,通常OP,新区分,https://ir.gs-yuasa.com/jp/ir/library/presentation/main/01/teaserItems1/011111111116/linkList/0/link/PM20260805.pdf#page=21
FY03/26Q4,組替後概算,産業電池電源,OP,85,億円,通常OP,新区分,https://ir.gs-yuasa.com/jp/ir/library/presentation/main/01/teaserItems1/011111111116/linkList/0/link/PM20260805.pdf#page=21
FY03/27Q1,実績,産業電池電源,売上,322,億円,通常OP,新区分,https://ir.gs-yuasa.com/jp/ir/library/presentation/main/01/teaserItems1/011111111116/linkList/0/link/PM20260805.pdf#page=21
FY03/27Q1,実績,産業電池電源,OP,10,億円,通常OP,新区分,https://ir.gs-yuasa.com/jp/ir/library/presentation/main/01/teaserItems1/011111111116/linkList/0/link/PM20260805.pdf#page=21
FY03/26Q1,実績,航空・宇宙・防衛,売上,48,億円,通常OP,新区分,https://ir.gs-yuasa.com/jp/ir/library/presentation/main/01/teaserItems1/011111111116/linkList/0/link/PM20260805.pdf#page=21
FY03/26Q1,実績,航空・宇宙・防衛,OP,8,億円,通常OP,新区分,https://ir.gs-yuasa.com/jp/ir/library/presentation/main/01/teaserItems1/011111111116/linkList/0/link/PM20260805.pdf#page=21
FY03/26Q2,組替後概算,航空・宇宙・防衛,売上,44,億円,通常OP,新区分,https://ir.gs-yuasa.com/jp/ir/library/presentation/main/01/teaserItems1/011111111116/linkList/0/link/PM20260805.pdf#page=21
FY03/26Q2,組替後概算,航空・宇宙・防衛,OP,6,億円,通常OP,新区分,https://ir.gs-yuasa.com/jp/ir/library/presentation/main/01/teaserItems1/011111111116/linkList/0/link/PM20260805.pdf#page=21
FY03/26Q3,組替後概算,航空・宇宙・防衛,売上,50,億円,通常OP,新区分,https://ir.gs-yuasa.com/jp/ir/library/presentation/main/01/teaserItems1/011111111116/linkList/0/link/PM20260805.pdf#page=21
FY03/26Q3,組替後概算,航空・宇宙・防衛,OP,7,億円,通常OP,新区分,https://ir.gs-yuasa.com/jp/ir/library/presentation/main/01/teaserItems1/011111111116/linkList/0/link/PM20260805.pdf#page=21
FY03/26Q4,組替後概算,航空・宇宙・防衛,売上,54,億円,通常OP,新区分,https://ir.gs-yuasa.com/jp/ir/library/presentation/main/01/teaserItems1/011111111116/linkList/0/link/PM20260805.pdf#page=21
FY03/26Q4,組替後概算,航空・宇宙・防衛,OP,6,億円,通常OP,新区分,https://ir.gs-yuasa.com/jp/ir/library/presentation/main/01/teaserItems1/011111111116/linkList/0/link/PM20260805.pdf#page=21
FY03/27Q1,実績,航空・宇宙・防衛,売上,50,億円,通常OP,新区分,https://ir.gs-yuasa.com/jp/ir/library/presentation/main/01/teaserItems1/011111111116/linkList/0/link/PM20260805.pdf#page=21
FY03/27Q1,実績,航空・宇宙・防衛,OP,6,億円,通常OP,新区分,https://ir.gs-yuasa.com/jp/ir/library/presentation/main/01/teaserItems1/011111111116/linkList/0/link/PM20260805.pdf#page=21
FY03/26Q1,実績,その他,売上,6,億円,通常OP,新区分,https://ir.gs-yuasa.com/jp/ir/library/presentation/main/01/teaserItems1/011111111116/linkList/0/link/PM20260805.pdf#page=21
FY03/26Q1,実績,その他,OP,-5,億円,通常OP,新区分,https://ir.gs-yuasa.com/jp/ir/library/presentation/main/01/teaserItems1/011111111116/linkList/0/link/PM20260805.pdf#page=21
FY03/26Q2,組替後概算,その他,売上,7,億円,通常OP,新区分,https://ir.gs-yuasa.com/jp/ir/library/presentation/main/01/teaserItems1/011111111116/linkList/0/link/PM20260805.pdf#page=21
FY03/26Q2,組替後概算,その他,OP,1,億円,通常OP,新区分,https://ir.gs-yuasa.com/jp/ir/library/presentation/main/01/teaserItems1/011111111116/linkList/0/link/PM20260805.pdf#page=21
FY03/26Q3,組替後概算,その他,売上,7,億円,通常OP,新区分,https://ir.gs-yuasa.com/jp/ir/library/presentation/main/01/teaserItems1/011111111116/linkList/0/link/PM20260805.pdf#page=21
FY03/26Q3,組替後概算,その他,OP,-1,億円,通常OP,新区分,https://ir.gs-yuasa.com/jp/ir/library/presentation/main/01/teaserItems1/011111111116/linkList/0/link/PM20260805.pdf#page=21
FY03/26Q4,組替後概算,その他,売上,8,億円,通常OP,新区分,https://ir.gs-yuasa.com/jp/ir/library/presentation/main/01/teaserItems1/011111111116/linkList/0/link/PM20260805.pdf#page=21
FY03/26Q4,組替後概算,その他,OP,-7,億円,通常OP,新区分,https://ir.gs-yuasa.com/jp/ir/library/presentation/main/01/teaserItems1/011111111116/linkList/0/link/PM20260805.pdf#page=21
FY03/27Q1,実績,その他,売上,7,億円,通常OP,新区分,https://ir.gs-yuasa.com/jp/ir/library/presentation/main/01/teaserItems1/011111111116/linkList/0/link/PM20260805.pdf#page=21
FY03/27Q1,実績,その他,OP,-5,億円,通常OP,新区分,https://ir.gs-yuasa.com/jp/ir/library/presentation/main/01/teaserItems1/011111111116/linkList/0/link/PM20260805.pdf#page=21
FY03/26Q1,実績,全社,売上,1319,億円,通常OP,新区分,https://ir.gs-yuasa.com/jp/ir/library/presentation/main/01/teaserItems1/011111111116/linkList/0/link/PM20260805.pdf#page=21
FY03/26Q1,実績,全社,OP,83,億円,通常OP,新区分,https://ir.gs-yuasa.com/jp/ir/library/presentation/main/01/teaserItems1/011111111116/linkList/0/link/PM20260805.pdf#page=21
FY03/26Q2,組替後概算,全社,売上,1403,億円,通常OP,新区分,https://ir.gs-yuasa.com/jp/ir/library/presentation/main/01/teaserItems1/011111111116/linkList/0/link/PM20260805.pdf#page=21
FY03/26Q2,組替後概算,全社,OP,104,億円,通常OP,新区分,https://ir.gs-yuasa.com/jp/ir/library/presentation/main/01/teaserItems1/011111111116/linkList/0/link/PM20260805.pdf#page=21
FY03/26Q3,組替後概算,全社,売上,1608,億円,通常OP,新区分,https://ir.gs-yuasa.com/jp/ir/library/presentation/main/01/teaserItems1/011111111116/linkList/0/link/PM20260805.pdf#page=21
FY03/26Q3,組替後概算,全社,OP,192,億円,通常OP,新区分,https://ir.gs-yuasa.com/jp/ir/library/presentation/main/01/teaserItems1/011111111116/linkList/0/link/PM20260805.pdf#page=21
FY03/26Q4,組替後概算,全社,売上,1760,億円,通常OP,新区分,https://ir.gs-yuasa.com/jp/ir/library/presentation/main/01/teaserItems1/011111111116/linkList/0/link/PM20260805.pdf#page=21
FY03/26Q4,組替後概算,全社,OP,222,億円,通常OP,新区分,https://ir.gs-yuasa.com/jp/ir/library/presentation/main/01/teaserItems1/011111111116/linkList/0/link/PM20260805.pdf#page=21
FY03/27Q1,実績,全社,売上,1417,億円,通常OP,新区分,https://ir.gs-yuasa.com/jp/ir/library/presentation/main/01/teaserItems1/011111111116/linkList/0/link/PM20260805.pdf#page=21
FY03/27Q1,実績,全社,OP,116,億円,通常OP,新区分,https://ir.gs-yuasa.com/jp/ir/library/presentation/main/01/teaserItems1/011111111116/linkList/0/link/PM20260805.pdf#page=21
FY03/23,実績,自動車電池（国内）,売上,878,億円,,旧区分,https://ir.gs-yuasa.com/jp/ir/library/presentation/main/01/teaserItems1/01111111111115/linkList/00/link/SM2020260513.pdf#page=3
FY03/24,実績,自動車電池（国内）,売上,940,億円,,旧区分,https://ir.gs-yuasa.com/jp/ir/library/presentation/main/01/teaserItems1/01111111111115/linkList/00/link/SM2020260513.pdf#page=3
FY03/25,実績,自動車電池（国内）,売上,1019,億円,,旧区分,https://ir.gs-yuasa.com/jp/ir/library/presentation/main/01/teaserItems1/01111111111115/linkList/00/link/SM2020260513.pdf#page=3
FY03/26,実績,自動車電池（国内）,売上,1080,億円,,旧区分,https://ir.gs-yuasa.com/jp/ir/library/presentation/main/01/teaserItems1/01111111111115/linkList/00/link/SM2020260513.pdf#page=3
FY03/26,当初予想,自動車電池（国内）,売上,1000,億円,,旧区分,https://ir.gs-yuasa.com/jp/ir/library/presentation/main/01/teaserItems1/0111111111115/linkList/0/link/PM20260204.pdf#page=17
FY03/26,修正予想,自動車電池（国内）,売上,1100,億円,,旧区分,https://ir.gs-yuasa.com/jp/ir/library/presentation/main/01/teaserItems1/0111111111115/linkList/0/link/PM20260204.pdf#page=17
FY03/23,実績,自動車電池（海外）,売上,2473,億円,,旧区分,https://ir.gs-yuasa.com/jp/ir/library/presentation/main/01/teaserItems1/01111111111115/linkList/00/link/SM2020260513.pdf#page=3
FY03/24,実績,自動車電池（海外）,売上,2529,億円,,旧区分,https://ir.gs-yuasa.com/jp/ir/library/presentation/main/01/teaserItems1/01111111111115/linkList/00/link/SM2020260513.pdf#page=3
FY03/25,実績,自動車電池（海外）,売上,2601,億円,,旧区分,https://ir.gs-yuasa.com/jp/ir/library/presentation/main/01/teaserItems1/01111111111115/linkList/00/link/SM2020260513.pdf#page=3
FY03/26,実績,自動車電池（海外）,売上,2645,億円,,旧区分,https://ir.gs-yuasa.com/jp/ir/library/presentation/main/01/teaserItems1/01111111111115/linkList/00/link/SM2020260513.pdf#page=3
FY03/26,当初予想,自動車電池（海外）,売上,2500,億円,,旧区分,https://ir.gs-yuasa.com/jp/ir/library/presentation/main/01/teaserItems1/0111111111115/linkList/0/link/PM20260204.pdf#page=17
FY03/26,修正予想,自動車電池（海外）,売上,2600,億円,,旧区分,https://ir.gs-yuasa.com/jp/ir/library/presentation/main/01/teaserItems1/0111111111115/linkList/0/link/PM20260204.pdf#page=17
FY03/23,実績,産業電池電源,売上,976,億円,,旧区分,https://ir.gs-yuasa.com/jp/ir/library/presentation/main/01/teaserItems1/01111111111115/linkList/00/link/SM2020260513.pdf#page=3
FY03/24,実績,産業電池電源,売上,1097,億円,,旧区分,https://ir.gs-yuasa.com/jp/ir/library/presentation/main/01/teaserItems1/01111111111115/linkList/00/link/SM2020260513.pdf#page=3
FY03/25,実績,産業電池電源,売上,1131,億円,,旧区分,https://ir.gs-yuasa.com/jp/ir/library/presentation/main/01/teaserItems1/01111111111115/linkList/00/link/SM2020260513.pdf#page=3
FY03/26,実績,産業電池電源,売上,1241,億円,,旧区分,https://ir.gs-yuasa.com/jp/ir/library/presentation/main/01/teaserItems1/01111111111115/linkList/00/link/SM2020260513.pdf#page=3
FY03/26,当初予想,産業電池電源,売上,1300,億円,,旧区分,https://ir.gs-yuasa.com/jp/ir/library/presentation/main/01/teaserItems1/0111111111115/linkList/0/link/PM20260204.pdf#page=17
FY03/26,修正予想,産業電池電源,売上,1200,億円,,旧区分,https://ir.gs-yuasa.com/jp/ir/library/presentation/main/01/teaserItems1/0111111111115/linkList/0/link/PM20260204.pdf#page=17
FY03/23,実績,車載用リチウムイオン電池,売上,654,億円,,旧区分,https://ir.gs-yuasa.com/jp/ir/library/presentation/main/01/teaserItems1/01111111111115/linkList/00/link/SM2020260513.pdf#page=3
FY03/24,実績,車載用リチウムイオン電池,売上,848,億円,,旧区分,https://ir.gs-yuasa.com/jp/ir/library/presentation/main/01/teaserItems1/01111111111115/linkList/00/link/SM2020260513.pdf#page=3
FY03/25,実績,車載用リチウムイオン電池,売上,828,億円,,旧区分,https://ir.gs-yuasa.com/jp/ir/library/presentation/main/01/teaserItems1/01111111111115/linkList/00/link/SM2020260513.pdf#page=3
FY03/26,実績,車載用リチウムイオン電池,売上,899,億円,,旧区分,https://ir.gs-yuasa.com/jp/ir/library/presentation/main/01/teaserItems1/01111111111115/linkList/00/link/SM2020260513.pdf#page=3
FY03/26,当初予想,車載用リチウムイオン電池,売上,1000,億円,,旧区分,https://ir.gs-yuasa.com/jp/ir/library/presentation/main/01/teaserItems1/0111111111115/linkList/0/link/PM20260204.pdf#page=17
FY03/26,修正予想,車載用リチウムイオン電池,売上,900,億円,,旧区分,https://ir.gs-yuasa.com/jp/ir/library/presentation/main/01/teaserItems1/0111111111115/linkList/0/link/PM20260204.pdf#page=17
FY03/23,実績,特殊電池およびその他,売上,196,億円,,旧区分,https://ir.gs-yuasa.com/jp/ir/library/presentation/main/01/teaserItems1/01111111111115/linkList/00/link/SM2020260513.pdf#page=3
FY03/24,実績,特殊電池およびその他,売上,215,億円,,旧区分,https://ir.gs-yuasa.com/jp/ir/library/presentation/main/01/teaserItems1/01111111111115/linkList/00/link/SM2020260513.pdf#page=3
FY03/25,実績,特殊電池およびその他,売上,224,億円,,旧区分,https://ir.gs-yuasa.com/jp/ir/library/presentation/main/01/teaserItems1/01111111111115/linkList/00/link/SM2020260513.pdf#page=3
FY03/26,実績,特殊電池およびその他,売上,225,億円,,旧区分,https://ir.gs-yuasa.com/jp/ir/library/presentation/main/01/teaserItems1/01111111111115/linkList/00/link/SM2020260513.pdf#page=3
FY03/26,当初予想,特殊電池およびその他,売上,200,億円,,旧区分,https://ir.gs-yuasa.com/jp/ir/library/presentation/main/01/teaserItems1/0111111111115/linkList/0/link/PM20260204.pdf#page=17
FY03/26,修正予想,特殊電池およびその他,売上,200,億円,,旧区分,https://ir.gs-yuasa.com/jp/ir/library/presentation/main/01/teaserItems1/0111111111115/linkList/0/link/PM20260204.pdf#page=17
FY03/26,当初予想,全社,売上,6000,億円,通常OP,連結,https://ir.gs-yuasa.com/jp/ir/library/presentation/main/01/teaserItems1/01111111114/linkList/0/link/PM20250513.pdf#page=19
FY03/26,当初予想,全社,OP,510,億円,通常OP,連結,https://ir.gs-yuasa.com/jp/ir/library/presentation/main/01/teaserItems1/01111111114/linkList/0/link/PM20250513.pdf#page=19
FY03/26,据え置き,全社,売上,6000,億円,通常OP,連結,https://ir.gs-yuasa.com/jp/ir/library/presentation/main/01/teaserItems1/011111111110/linkList/0/link/PM20250805.pdf#page=17
FY03/26,据え置き,全社,OP,510,億円,通常OP,連結,https://ir.gs-yuasa.com/jp/ir/library/presentation/main/01/teaserItems1/011111111110/linkList/0/link/PM20250805.pdf#page=17
FY03/26,据え置き,全社,売上,6000,億円,通常OP,連結,https://ir.gs-yuasa.com/jp/ir/library/presentation/main/01/teaserItems1/011111111119/linkList/0/link/PM20251106.pdf#page=19
FY03/26,据え置き,全社,OP,510,億円,通常OP,連結,https://ir.gs-yuasa.com/jp/ir/library/presentation/main/01/teaserItems1/011111111119/linkList/0/link/PM20251106.pdf#page=19
FY03/26,修正予想,全社,売上,6000,億円,通常OP,連結,https://ir.gs-yuasa.com/jp/ir/library/presentation/main/01/teaserItems1/0111111111115/linkList/0/link/PM20260204.pdf#page=18
FY03/26,修正予想,全社,OP,535,億円,通常OP,連結,https://ir.gs-yuasa.com/jp/ir/library/presentation/main/01/teaserItems1/0111111111115/linkList/0/link/PM20260204.pdf#page=18
