CY/月,import(USD mn)_China,import(USD mn)_Skorea,import(USD mn)_Taiwan,import(USD mn)_YoY_China,import(USD mn)_YoY_Skorea,import(USD mn)_YoY_Taiwan,Import from Japan(USD mn)_China,Import from Japan(USD mn)_Skorea,Import from Japan(USD mn)_Taiwan,Import from Japan(USD mn)_YoY_China,Import from Japan(USD mn)_YoY_Skorea,Import from Japan(USD mn)_YoY_Taiwan
2020-01,2194.147912,652.183000,1714.811000,0.105357,-0.241275,0.405293,555.064883,184.598000,408.968000,-0.013461,-0.416750,0.219584
2020-02,1994.349898,1047.022000,1511.554000,0.187739,0.578438,0.348588,569.379776,367.791000,483.314000,-0.145632,0.422888,0.228878
2020-03,2547.186361,1681.181000,1447.162000,0.157559,1.074106,-0.319766,922.451044,429.446000,461.357000,-0.001248,0.475126,-0.339325
2020-04,2717.385019,1178.790000,1132.857000,0.225297,-0.029832,0.013177,704.747168,380.390000,246.423000,0.162019,-0.076071,-0.244905
2020-05,2256.259685,1626.339000,952.150000,0.088460,0.992708,0.013334,640.015731,360.703000,278.679000,-0.019231,0.934376,0.430605
2020-06,2633.962173,1583.126000,1400.406000,0.191236,0.805033,-0.136691,657.059867,366.815000,496.489000,-0.245973,0.653795,0.169260
2020-07,2652.634995,1564.645000,1126.815000,0.169756,1.687156,0.113924,779.614443,356.605000,389.856000,0.012158,0.656586,0.217782
2020-08,3156.420248,1028.889000,1470.017000,0.351710,0.675172,0.157392,1037.529203,282.900000,318.364000,0.321442,0.250365,0.012264
2020-09,3272.392735,1032.176000,1577.680000,0.655280,0.774733,-0.249148,1085.604557,312.619000,329.974000,0.411832,0.584132,-0.315309
2020-10,2770.242108,876.246000,1762.834000,0.222378,0.405851,0.145167,907.369632,258.247000,303.137000,0.247321,0.336087,-0.316910
2020-11,2921.829808,1251.783000,1604.492000,0.204745,1.211053,-0.205261,868.757080,332.813000,372.602000,0.169106,0.901289,-0.278858
2020-12,2527.781516,1960.144000,2442.876000,-0.095841,1.361252,-0.254817,921.969043,583.242000,535.497000,0.100341,2.197634,-0.181978
2021-01,3236.851889,2216.119000,1617.842000,0.475220,2.398002,-0.056548,958.548790,556.649000,408.844000,0.726913,2.015466,-0.000303
2021-02,2776.531352,1684.684000,2025.166000,0.392199,0.609024,0.339791,869.961946,464.209000,443.098000,0.527912,0.262154,-0.083209
2021-03,3550.976572,2316.775000,2183.082000,0.394078,0.378064,0.508526,1101.640016,518.766000,522.093000,0.194253,0.207989,0.131646
2021-04,3538.626684,2562.006000,1640.421000,0.302218,1.173420,0.448039,1086.100088,595.424000,388.869000,0.541120,0.565299,0.578055
2021-05,3432.433205,1881.582000,1560.153000,0.521294,0.156943,0.638558,1082.176818,355.353000,390.195000,0.690860,-0.014832,0.400159
2021-06,3988.445566,1804.779000,1760.923000,0.514238,0.140010,0.257437,1338.386302,429.267000,421.212000,1.036932,0.170255,-0.151619
2021-07,3235.068137,2100.866000,2092.737000,0.219568,0.342711,0.857214,1074.436240,384.883000,529.105000,0.378164,0.079298,0.357181
2021-08,3215.214424,1410.280000,2832.549000,0.018627,0.370682,0.926882,948.174920,456.192000,795.678000,-0.086122,0.612556,1.499271
2021-09,3339.675792,1315.666000,2428.227000,0.020561,0.274653,0.539112,1072.649734,371.469000,449.916000,-0.011933,0.188248,0.363489
2021-10,3273.610683,1294.395000,2547.691000,0.181706,0.477205,0.445225,1070.884149,383.404000,546.616000,0.180207,0.484641,0.803198
2021-11,3935.126316,1611.508000,2266.186000,0.346802,0.287370,0.412401,1157.785549,429.932000,470.125000,0.332692,0.291813,0.261735
2021-12,3477.711551,2015.859000,2445.118000,0.375796,0.028424,0.000918,1162.863750,495.415000,683.439000,0.261283,-0.150584,0.276270
2022-01,3590.541138,1475.134000,1823.251000,0.109270,-0.334362,0.126965,1073.741188,356.924000,412.457000,0.120174,-0.358799,0.008837
2022-02,2795.705710,1543.773000,1795.837000,0.006906,-0.083642,-0.113240,891.483510,406.104000,480.031000,0.024739,-0.125170,0.083352
2022-03,3250.591799,1720.337000,2275.261000,-0.084592,-0.257443,0.042224,1063.716904,615.768000,575.668000,-0.034424,0.186986,0.102616
2022-04,3225.304920,1595.191000,2354.273000,-0.088543,-0.377366,0.435164,926.953377,514.477000,599.083000,-0.146530,-0.135949,0.540578
2022-05,3083.593423,1994.350000,2215.619000,-0.101630,0.059933,0.420129,713.771551,400.399000,480.744000,-0.340430,0.126764,0.232061
2022-06,2776.922420,1864.093000,2460.126000,-0.303758,0.032865,0.397066,897.867652,441.427000,556.979000,-0.329142,0.028327,0.322325
2022-07,2848.551847,1705.528000,2677.610000,-0.119477,-0.188179,0.279478,877.809596,378.506000,569.890000,-0.183004,-0.016569,0.077083
2022-08,2988.100243,1761.049000,2755.258000,-0.070637,0.248723,-0.027287,859.530405,449.837000,655.679000,-0.093490,-0.013931,-0.175949
2022-09,3467.430118,1357.634000,2113.669000,0.038254,0.031899,-0.129542,1244.108453,362.258000,398.334000,0.159846,-0.024796,-0.114648
2022-10,2391.014413,1322.031000,3139.011000,-0.269609,0.021351,0.232100,803.524421,296.603000,631.261000,-0.249663,-0.226396,0.154853
2022-11,2283.372356,1546.375000,2908.963000,-0.419746,-0.040417,0.283638,688.130940,389.844000,684.091000,-0.405649,-0.093243,0.455126
2022-12,2015.176800,2256.842000,3170.006000,-0.420545,0.119544,0.296463,694.486241,472.991000,647.561000,-0.402779,-0.045263,-0.052496
2023-01,1961.863603,1206.794000,2146.618000,-0.453602,-0.181909,0.177357,717.819878,272.104000,491.983000,-0.331478,-0.237642,0.192810
2023-02,2135.025847,1216.185000,2420.445000,-0.236320,-0.212200,0.347809,816.552320,317.416000,504.750000,-0.084052,-0.218387,0.051495
2023-03,2532.606079,1915.062000,2171.568000,-0.220878,0.113190,-0.045574,1010.784171,476.731000,502.857000,-0.049762,-0.225794,-0.126481
2023-04,2336.936851,2027.395000,1712.582000,-0.275437,0.270942,-0.272564,909.105101,372.173000,344.651000,-0.019255,-0.276599,-0.424702
2023-05,2110.131818,1749.495000,1831.534000,-0.315691,-0.122774,-0.173353,564.049391,330.714000,478.037000,-0.209762,-0.174039,-0.005631
2023-06,3234.737487,1780.464000,1485.540000,0.164864,-0.044863,-0.396153,803.626063,345.697000,296.117000,-0.104962,-0.216865,-0.468352
2023-07,3628.222028,1336.166000,1843.891000,0.273708,-0.216568,-0.311367,1039.917616,305.297000,281.055000,0.184673,-0.193416,-0.506826
2023-08,3208.456705,1032.854000,1170.383000,0.073745,-0.413501,-0.575218,811.331399,201.164000,167.344000,-0.056076,-0.552807,-0.744778
2023-09,5266.569775,1224.300000,859.367000,0.518868,-0.098211,-0.593424,1341.054594,230.877000,181.881000,0.077924,-0.362672,-0.543396
2023-10,4312.281770,1011.659000,1301.606000,0.803537,-0.234769,-0.585345,884.348558,202.503000,236.236000,0.100587,-0.317259,-0.625771
2023-11,4295.448595,1048.511000,1229.806000,0.881186,-0.321956,-0.577236,1129.723607,190.515000,236.795000,0.641728,-0.511305,-0.653855
2023-12,4582.887540,1787.481000,1465.001000,1.274186,-0.207972,-0.537855,1387.586894,315.775000,292.220000,0.998005,-0.332387,-0.548737
2024-01,4035.445318,1472.144000,989.603000,1.056945,0.219880,-0.538994,988.275495,356.135000,257.693000,0.376774,0.308819,-0.476216
2024-02,2666.396693,1431.590000,706.353000,0.248883,0.177115,-0.708172,954.245108,362.672000,202.844000,0.168627,0.142576,-0.598130
2024-03,4449.216476,1481.824000,1031.188000,0.756774,-0.226227,-0.525141,1384.273371,353.714000,321.318000,0.369504,-0.258043,-0.361015
2024-04,3921.398216,1327.330000,1861.031000,0.678008,-0.345303,0.086681,1141.846466,339.030000,476.700000,0.256012,-0.089053,0.383138
2024-05,3135.890791,1342.907000,1550.574000,0.486111,-0.232403,-0.153401,1062.647878,284.722000,261.501000,0.883962,-0.139069,-0.452969
2024-06,3682.064751,1496.115000,1494.270000,0.138289,-0.159705,0.005877,1057.402568,312.595000,401.189000,0.315789,-0.095754,0.354833
2024-07,4035.453017,1267.509000,1790.072000,0.112240,-0.051384,-0.029188,946.717367,348.768000,478.425000,-0.089623,0.142389,0.702247
2024-08,3309.005949,1032.648000,1532.016000,0.031339,-0.000199,0.308987,1055.076455,302.828000,327.950000,0.300426,0.505379,0.959736
2024-09,4648.775540,1992.495000,1317.437000,-0.117305,0.627457,0.533032,1176.302659,329.956000,375.373000,-0.122853,0.429142,1.063838
2024-10,3471.798288,1539.669000,1615.336000,-0.194905,0.521925,0.241033,1312.916313,434.706000,361.873000,0.484614,1.146664,0.531828
2024-11,3853.876379,1949.794000,1504.923000,-0.102800,0.859584,0.223708,1381.883190,364.764000,397.543000,0.223205,0.914621,0.678849
2024-12,5856.514825,2326.042000,2179.523000,0.277909,0.301296,0.487728,1838.505022,442.611000,672.530000,0.324966,0.401666,1.301451
2025-01,4177.315443,1384.815000,1297.363000,0.035156,-0.059321,0.310993,928.041335,306.689000,368.187000,-0.060949,-0.138841,0.428782
2025-02,2701.595121,1784.776000,2303.017000,0.013201,0.246709,2.260434,777.335733,444.005000,603.694000,-0.185392,0.224260,1.976149
2025-03,4131.641870,2758.931000,2848.058000,-0.071378,0.861848,1.761919,1362.704667,613.918000,867.362000,-0.015581,0.735634,1.699388
2025-04,3567.323056,1569.995000,2567.771000,-0.090293,0.182822,0.379757,1312.810249,409.692000,661.414000,0.149726,0.208424,0.387485
2025-05,3137.540462,1497.582000,2406.898000,0.000526,0.115179,0.552263,845.828080,346.875000,564.879000,-0.204037,0.218294,1.160141
2025-06,4275.689024,1914.992000,2775.593000,0.161220,0.279976,0.857491,1153.363694,489.850000,674.456000,0.090752,0.567044,0.681143
2025-07,4735.660020,1634.706000,2358.828000,0.173514,0.289700,0.317728,1293.641872,349.155000,481.460000,0.366450,0.001110,0.006344
2025-08,3821.011197,1182.396000,2813.214000,0.154731,0.145014,0.836282,1161.788294,271.702000,557.246000,0.101141,-0.102784,0.699180
2025-09,6306.060131,2280.078000,2634.621000,0.356499,0.144333,0.999808,1656.608482,433.924000,443.260000,0.408318,0.315097,0.180852
2025-10,4271.955156,1686.827000,1940.991000,0.230473,0.095578,0.201602,1139.650850,378.861000,411.454000,-0.131970,-0.128466,0.137012
2025-11,3489.350148,1829.499000,2750.746000,-0.094587,-0.061696,0.827832,1076.948378,408.986000,688.561000,-0.220666,0.121235,0.732042
2025-12,5738.828382,2233.316000,2511.032000,-0.020095,-0.039864,0.152102,1250.440157,565.058000,624.932000,-0.319860,0.276647,-0.070775
2026-01,3338.044467,2418.732000,2320.335000,-0.200912,0.746610,0.788501,724.791718,454.750000,470.212000,-0.219009,0.482772,0.277101
2026-02,2040.373134,2559.829000,2023.959000,-0.244752,0.434258,-0.121171,545.514602,491.280000,455.344000,-0.298225,0.106474,-0.245737
2026-03,4226.438851,2931.073000,3505.946000,0.022944,0.062394,0.230995,1311.217742,681.084000,871.078000,-0.037783,0.109405,0.004284
2026-04,3403.082224,2510.341000,3391.019000,-0.046040,0.598948,0.320608,1047.790233,580.156000,699.233000,-0.201872,0.416078,0.057179
2026-05,2870.867802,2561.230000,2864.180000,-0.084994,0.710244,0.189988,626.695960,522.625000,561.537000,-0.259074,0.506667,-0.005916
2026-06,4171.649322,2706.750000,4454.874000,-0.024333,0.413452,0.605017,1086.474919,529.754000,973.010000,-0.057995,0.081462,0.442659
2026-07,4494.078764,2539.998000,3431.410000,-0.051013,0.553795,0.454710,1275.681281,542.378000,718.818000,-0.013884,0.553402,0.492996
2026-08,4616.348871,2569.836000,2773.200000,0.208148,1.173414,-0.014224,1067.519901,593.345000,651.935000,-0.081141,1.183808,0.169923
