CY/項目,1QCY20,2QCY20,3QCY20,4QCY20,1QCY21,2QCY21,3QCY21,4QCY21,1QCY22,2QCY22,3QCY22,4QCY22,1QCY23,2QCY23,3QCY23,4QCY23,1QCY24,2QCY24,3QCY24,4QCY24,1QCY25,2QCY25,3QCY25,4QCY25,1QCY26,2QCY26,3QCY26
import(USD mn)
China,505.544832,544.034802,573.046924,608.788540,593.720583,689.812760,741.404854,766.850514,821.656651,778.579399,849.692230,830.100034,746.688405,722.892052,633.727228,530.626613,571.219427,619.531374,674.302799,667.797865,610.781784,627.453340,660.368030,544.355971,504.549112,570.213272,
Skorea,525.450000,473.003000,469.685000,508.990000,515.317000,558.132000,592.949000,648.944000,616.254000,651.437000,617.791000,655.690000,596.240000,630.453000,563.738000,598.540000,535.031000,577.826000,724.678000,774.987000,684.323000,872.270000,860.545000,930.205000,880.095000,908.396000,
Taiwan,657.555000,670.045000,639.988000,679.552000,715.549000,770.784000,780.869000,802.525000,898.825000,925.382000,971.187000,909.753000,806.590000,829.536000,834.897000,742.600000,683.768000,776.867000,791.333000,809.754000,847.851000,842.380000,773.868000,877.259000,785.991000,826.665000,
YoY
China,0.016295,0.076200,0.016863,0.132141,0.174417,0.267957,0.293794,0.259634,0.383911,0.128682,0.146057,0.082480,-0.091240,-0.071524,-0.254169,-0.360768,-0.234996,-0.142982,0.064027,0.258508,0.069259,0.012787,-0.020665,-0.184849,-0.173929,-0.091226,
Skorea,-0.087233,-0.217718,-0.130066,-0.094817,-0.019284,0.179976,0.262440,0.274964,0.195874,0.167174,0.041896,0.010395,-0.032477,-0.032212,-0.087494,-0.087160,-0.102658,-0.083475,0.285487,0.294796,0.279034,0.509572,0.187486,0.200285,0.286081,0.041416,
Taiwan,0.015208,0.023537,0.035370,0.077993,0.088196,0.150347,0.220131,0.180962,0.256133,0.200572,0.243726,0.133613,-0.102617,-0.103575,-0.140333,-0.183734,-0.152273,-0.063492,-0.052179,0.090431,0.239969,0.084330,-0.022070,0.083365,-0.072961,-0.018655,

Import from Japan(USD mn)
China,159.841563,200.207660,211.911456,220.923371,217.952073,263.368206,274.078849,278.915951,290.111496,274.969880,291.162178,269.055083,262.654136,237.610102,180.568660,187.487275,197.788748,237.152840,240.573280,250.449362,229.452109,254.871183,241.927525,195.650095,203.949701,215.325265,
Skorea,209.162000,217.130000,236.490000,253.328000,207.611000,226.285000,237.587000,276.660000,253.723000,227.550000,213.436000,202.896000,179.433000,198.092000,172.160000,185.742000,162.852000,160.671000,206.608000,237.609000,156.078000,235.619000,186.784000,219.578000,225.077000,206.482000,
Taiwan,295.440000,317.863000,285.661000,320.171000,330.778000,373.186000,362.798000,370.677000,403.608000,420.594000,438.428000,425.364000,404.270000,448.105000,459.917000,420.693000,371.210000,417.330000,449.913000,492.552000,446.465000,494.141000,455.243000,526.567000,429.312000,451.520000,
YoY
China,0.013314,0.225481,0.093649,0.121241,0.363551,0.315475,0.293365,0.262501,0.331079,0.044051,0.062330,-0.035354,-0.094644,-0.135869,-0.379835,-0.303164,-0.246961,-0.001924,0.332309,0.335821,0.160087,0.074713,0.005629,-0.218804,-0.111145,-0.155160,
Skorea,0.013308,-0.175304,0.005442,0.123999,-0.007415,0.042164,0.004639,0.092102,0.222108,0.005590,-0.101651,-0.266623,-0.292800,-0.129457,-0.193388,-0.084546,-0.092408,-0.188907,0.200093,0.279242,-0.041596,0.466469,-0.095950,-0.075885,0.442080,-0.123662,
Taiwan,-0.004515,0.058171,0.023464,0.022623,0.119611,0.174047,0.270030,0.157747,0.220178,0.127036,0.208463,0.147533,0.001640,0.065410,0.049014,-0.010981,-0.081777,-0.068678,-0.021752,0.170811,0.202729,0.184053,0.011847,0.069059,-0.038420,-0.086253,

import from Japan(kg)
China,441883.000,558364.000,426905.000,662428.000,637249.000,807932.000,820319.000,658131.000,644600.000,582702.000,526132.000,521706.000,387346.000,408180.000,330708.000,439102.000,457868.000,444482.000,446028.000,491086.000,494113.000,554021.000,569461.000,476516.000,522033.000,564680.000,
Skorea,324700.000,341400.000,339100.000,358900.000,322900.000,367600.000,367300.000,437000.000,412500.000,408800.000,402400.000,407500.000,339600.000,375200.000,353700.000,388100.000,352000.000,366900.000,341100.000,393000.000,337400.000,433500.000,388500.000,471700.000,535400.000,515900.000,
YoY
China,0.137109,0.552983,0.226545,0.451175,0.442122,0.446963,0.921549,-0.006487,0.011536,-0.278773,-0.358625,-0.207292,-0.399091,-0.299505,-0.371435,-0.158334,0.182065,0.088936,0.348706,0.118387,0.079160,0.246442,0.276738,-0.029669,0.056505,0.019239,
Skorea,0.029813,-0.135477,-0.070959,0.059014,-0.005544,0.076743,0.083161,0.217609,0.277485,0.112078,0.095562,-0.067506,-0.176727,-0.082192,-0.121024,-0.047607,0.036514,-0.022122,-0.035623,0.012626,-0.041477,0.181521,0.138962,0.200254,0.586841,0.190081,

import from Japan(USD/kg)
China,361.728247,358.561189,496.390195,333.505484,342.020267,325.978184,334.112521,423.800050,450.064375,471.887654,553.401386,515.721657,678.086610,582.120883,546.006326,426.978868,431.977662,533.548805,539.368111,509.990841,464.371731,460.038849,424.835985,410.584524,390.683541,381.322634,
Skorea,644.170003,635.998828,697.404895,705.845639,642.957572,615.573993,646.847264,633.089245,615.086061,556.629159,530.407555,497.904294,528.365724,527.963753,486.740175,478.593146,462.647727,437.914963,605.710935,604.603053,462.590397,543.527105,480.782497,465.503498,420.390362,400.236480,
YoY
China,-0.108869,-0.210886,-0.108350,-0.227357,-0.054483,-0.090872,-0.326916,0.270744,0.315900,0.447605,0.656332,0.216899,0.506644,0.233601,-0.013363,-0.172075,-0.362946,-0.083440,-0.012158,0.194417,0.074990,-0.137776,-0.212345,-0.194918,-0.158684,-0.171108,
Skorea,-0.016027,-0.046068,0.082236,0.061363,-0.001882,-0.032115,-0.072494,-0.103077,-0.043349,-0.095756,-0.180011,-0.213532,-0.140989,-0.051498,-0.082328,-0.038785,-0.124380,-0.170559,0.244424,0.263292,-0.000124,0.241170,-0.206251,-0.230068,-0.091225,-0.263631,
