項目,2020-04,2020-05,2020-06,2020-07,2020-08,2020-09,2020-10,2020-11,2020-12,2021-01,2021-02,2021-03,2021-04,2021-05,2021-06,2021-07,2021-08,2021-09,2021-10,2021-11,2021-12,2022-01,2022-02,2022-03,2022-04,2022-05,2022-06,2022-07,2022-08,2022-09,2022-10,2022-11,2022-12,2023-01,2023-02,2023-03,2023-04,2023-05,2023-06,2023-07,2023-08,2023-09,2023-10,2023-11,2023-12,2024-01,2024-02,2024-03,2024-04,2024-05,2024-06,2024-07,2024-08,2024-09,2024-10,2024-11,2024-12,2025-01,2025-02,2025-03,2025-04,2025-05,2025-06,2025-07,2025-08,2025-09,2025-10,2025-11,2025-12,2026-01,2026-02,2026-03,2026-04,2026-05,2026-06,2026-07,2026-08
3_ウェハ輸入総額_中国_百万USD,187.050987,172.972782,184.011033,203.913987,174.454758,194.678179,192.950236,210.242277,205.596027,190.746215,170.409845,232.564523,232.512411,228.078534,229.221815,239.031220,247.879127,254.494507,234.171928,283.108013,249.570573,291.280605,235.566799,294.809247,236.114320,268.874800,273.590279,279.084585,282.810732,287.796913,235.469557,305.548682,289.081795,203.321468,285.867844,257.499093,235.693637,239.142107,248.056308,245.268017,197.909715,190.549496,169.497049,169.033740,192.095824,182.940954,174.681999,213.596474,232.376737,190.429006,196.725631,225.998232,228.137819,220.166748,208.444787,227.638758,231.714320,185.238064,184.527077,241.016643,205.005633,214.296135,208.151572,204.611789,222.916352,232.839889,175.847219,179.738497,188.770255,198.107305,127.375916,179.065891,179.142905,174.848588,216.221779,192.462796,229.412724
3_ウェハ輸入総額_中国_百万USD_前年同月比_比率,0.010657,0.038465,0.195886,0.055267,-0.046088,0.038693,0.143368,0.212780,0.050995,0.684456,-0.015845,0.061201,0.243043,0.318580,0.245696,0.172216,0.420879,0.307257,0.213639,0.346580,0.213888,0.527058,0.382354,0.267645,0.015491,0.178869,0.193561,0.167565,0.140922,0.130857,0.005541,0.079265,0.158317,-0.301974,0.213532,-0.126557,-0.001782,-0.110582,-0.093329,-0.121170,-0.300204,-0.337903,-0.280174,-0.446786,-0.335497,-0.100238,-0.388941,-0.170496,-0.014073,-0.203699,-0.206932,-0.078566,0.152737,0.155431,0.229784,0.346706,0.206243,0.012557,0.056360,0.128374,-0.117788,0.125333,0.058081,-0.094631,-0.022887,0.057562,-0.156385,-0.210422,-0.185332,0.069474,-0.309717,-0.257039,-0.126156,-0.184080,0.038771,-0.059376,0.029143
3_ウェハ輸入総額_韓国_百万USD,173.820000,147.790000,151.393000,174.467000,143.863000,151.355000,172.885000,165.207000,170.898000,157.853000,159.862000,197.602000,191.767000,183.050000,183.315000,198.680000,204.737000,189.532000,211.052000,209.741000,228.151000,208.212000,186.624000,221.418000,200.017000,225.626000,225.794000,215.120000,223.250000,179.421000,228.925000,208.442000,218.323000,210.667000,187.983000,197.590000,182.025000,215.378000,233.050000,216.665000,173.323000,173.750000,219.918000,159.700000,218.922000,148.420000,173.678000,212.933000,197.057000,195.948000,184.821000,236.187000,239.321000,249.170000,263.823000,265.465000,245.699000,223.288000,221.217000,239.818000,295.186000,276.609000,300.475000,279.909000,281.368000,299.268000,315.354000,288.358000,326.493000,276.391000,252.722000,350.982000,288.708000,297.532000,322.156000,322.070000,281.253000
3_ウェハ輸入総額_韓国_百万USD_前年同月比_比率,-0.222473,-0.239666,-0.189176,-0.112687,-0.170861,-0.108502,-0.121108,-0.023738,-0.129732,-0.073720,-0.060514,0.068841,0.103250,0.238582,0.210855,0.138783,0.423139,0.252235,0.220765,0.269565,0.335013,0.319025,0.167407,0.120525,0.043021,0.232592,0.231727,0.082746,0.090423,-0.053347,0.084685,-0.006193,-0.043077,0.011791,0.007282,-0.107615,-0.089952,-0.045420,0.032135,0.007182,-0.223637,-0.031607,-0.039345,-0.233840,0.002744,-0.295476,-0.076097,0.077651,0.082582,-0.090213,-0.206947,0.090102,0.380780,0.434072,0.199643,0.662273,0.122313,0.504433,0.273719,0.126260,0.497973,0.411645,0.625762,0.185116,0.175693,0.201060,0.195324,0.086237,0.328833,0.237823,0.142417,0.463535,-0.021945,0.075641,0.072156,0.150624,-0.000409
3_ウェハ輸入総額_台湾_百万USD,218.178000,248.839000,203.028000,212.385000,219.402000,208.201000,232.068000,225.161000,222.323000,236.770000,214.089000,264.690000,227.322000,278.621000,264.841000,249.339000,270.879000,260.651000,273.486000,262.634000,266.405000,281.227000,307.591000,310.007000,273.807000,326.284000,325.291000,339.249000,329.092000,302.846000,322.566000,289.154000,298.033000,269.506000,281.780000,255.304000,315.039000,260.892000,253.605000,281.027000,268.028000,285.842000,286.144000,234.502000,221.954000,233.035000,207.794000,242.939000,252.536000,238.607000,285.724000,251.439000,274.664000,265.230000,273.298000,279.496000,256.960000,187.676000,294.100000,366.075000,263.404000,271.670000,307.306000,272.554000,246.196000,255.118000,273.365000,280.108000,323.786000,234.451000,200.038000,351.502000,228.214000,311.126000,287.325000,311.466000,336.133000
3_ウェハ輸入総額_台湾_百万USD_前年同月比_比率,0.077236,0.141008,-0.132415,-0.040774,0.205393,-0.030248,0.101639,0.091695,0.041423,0.340941,-0.051713,0.037101,0.041911,0.119684,0.304456,0.173995,0.234624,0.251920,0.178474,0.166428,0.198279,0.187764,0.436744,0.171208,0.204490,0.171068,0.228250,0.360593,0.214904,0.161883,0.179461,0.100977,0.118721,-0.041678,-0.083913,-0.176457,0.150588,-0.200414,-0.220375,-0.171620,-0.185553,-0.056147,-0.112913,-0.189007,-0.255270,-0.135325,-0.262567,-0.048432,-0.198398,-0.085418,0.126650,-0.105285,0.024759,-0.072110,-0.044893,0.191870,0.157717,-0.194645,0.415344,0.506860,0.043035,0.138567,0.075534,0.083977,-0.103647,-0.038125,0.000245,0.002190,0.260064,0.249233,-0.319830,-0.039809,-0.133597,0.145235,-0.065020,0.142768,0.365307
3_日本からのウェハ輸入額_中国_百万USD,66.790222,62.497370,70.920068,76.515738,65.579536,69.816182,68.590839,79.672464,72.660068,75.488131,60.154937,82.309005,83.290189,94.661704,85.416313,94.765924,85.302401,94.010524,80.218568,107.219487,91.477896,105.123359,83.806449,101.181688,76.293638,105.710905,92.965337,103.191346,92.772041,95.198791,86.220236,89.582545,93.252302,62.102404,117.972671,82.579061,70.263228,81.458099,85.888775,73.627953,52.787921,54.152786,59.166031,62.887106,65.434138,58.639831,71.990588,67.158329,79.754528,75.542194,81.856118,76.593243,73.165232,90.814805,77.103963,89.202357,84.143042,64.710853,77.906466,86.834790,79.483132,98.161925,77.226126,82.074198,71.648293,88.205034,54.139577,66.654707,74.855811,79.080376,47.489575,77.379750,66.852690,70.844543,77.628032,70.000189,74.589389
3_日本からのウェハ輸入額_中国_百万USD_前年同月比_比率,0.169494,0.099621,0.434903,0.182411,0.033007,0.064761,0.111915,0.280089,-0.006125,1.486281,-0.031962,0.222316,0.247042,0.514651,0.204403,0.238515,0.300747,0.346543,0.169523,0.345753,0.258984,0.392581,0.393177,0.229291,-0.084002,0.116723,0.088379,0.088908,0.087567,0.012640,0.074816,-0.164494,0.019397,-0.409243,0.407680,-0.183854,-0.079042,-0.229426,-0.076120,-0.286491,-0.430993,-0.431161,-0.313780,-0.297998,-0.298311,-0.055756,-0.389769,-0.186739,0.135082,-0.072625,-0.046952,0.040274,0.386022,0.677011,0.303180,0.418452,0.285920,0.103531,0.082176,0.292986,-0.003403,0.299432,-0.056563,0.071559,-0.020733,-0.028737,-0.297837,-0.252770,-0.110374,0.222057,-0.390428,-0.108885,-0.158907,-0.278289,0.005204,-0.147111,0.041049
3_日本からのウェハ輸入額_韓国_百万USD,84.360000,61.617000,71.153000,92.683000,73.616000,70.191000,87.161000,80.967000,85.200000,69.326000,59.665000,78.620000,81.440000,83.429000,61.416000,79.857000,83.017000,74.713000,85.810000,87.313000,103.537000,75.552000,78.199000,99.972000,73.061000,69.231000,85.258000,75.629000,77.828000,59.979000,74.926000,63.917000,64.053000,77.704000,49.302000,52.427000,61.591000,64.324000,72.177000,70.964000,46.500000,54.696000,67.726000,60.973000,57.043000,50.022000,60.267000,52.563000,55.453000,49.501000,55.717000,64.493000,71.973000,70.142000,71.630000,91.052000,74.927000,57.554000,46.352000,52.172000,82.235000,71.778000,81.606000,69.569000,58.539000,58.676000,80.781000,63.058000,75.739000,77.269000,57.926000,89.882000,75.108000,67.832000,63.542000,71.731000,65.405000
3_日本からのウェハ輸入額_韓国_百万USD_前年同月比_比率,-0.093040,-0.276218,-0.164273,0.117565,0.047303,-0.143866,0.007479,0.205368,0.188367,0.175455,-0.225593,0.074954,-0.034614,0.353993,-0.136846,-0.138386,0.127703,0.064424,-0.015500,0.078378,0.215223,0.089808,0.310634,0.271585,-0.102886,-0.170181,0.388205,-0.052945,-0.062505,-0.197208,-0.126838,-0.267956,-0.381352,0.028484,-0.369532,-0.475583,-0.156992,-0.070879,-0.153428,-0.061683,-0.402529,-0.088081,-0.096095,-0.046060,-0.109441,-0.356249,0.222405,0.002594,-0.099657,-0.230443,-0.228050,-0.091187,0.547806,0.282397,0.057644,0.493317,0.313518,0.150574,-0.230889,-0.007439,0.482968,0.450031,0.464652,0.078706,-0.186653,-0.163468,0.127754,-0.307451,0.010837,0.342548,0.249698,0.722802,-0.086666,-0.054975,-0.221356,0.031077,0.117289
3_日本からのウェハ輸入額_台湾_百万USD,105.128000,118.521000,94.214000,102.149000,92.651000,90.861000,112.605000,101.491000,106.075000,111.234000,105.770000,113.774000,108.758000,135.564000,128.864000,115.386000,127.341000,120.071000,133.778000,117.597000,119.302000,119.231000,146.931000,137.446000,120.279000,144.939000,155.376000,155.242000,148.990000,134.196000,157.501000,135.310000,132.553000,124.997000,151.134000,128.139000,151.365000,139.485000,157.255000,161.212000,152.685000,146.020000,159.773000,130.387000,130.533000,117.880000,119.413000,133.917000,125.933000,127.167000,164.230000,144.285000,164.133000,141.495000,169.575000,169.852000,153.125000,96.548000,153.468000,196.449000,146.023000,170.682000,177.436000,163.568000,146.450000,145.225000,164.084000,166.509000,195.974000,119.553000,108.268000,201.491000,124.345000,179.006000,148.169000,159.692000,173.120000
3_日本からのウェハ輸入額_台湾_百万USD_前年同月比_比率,0.155926,0.155153,-0.118177,0.056437,0.141374,-0.102563,0.100002,-0.054667,0.026267,0.458195,-0.075574,0.086241,0.034529,0.143797,0.367780,0.129585,0.374416,0.321480,0.188029,0.158694,0.124695,0.071893,0.389156,0.208062,0.105932,0.069156,0.205736,0.345415,0.170008,0.117639,0.177331,0.150625,0.111071,0.048360,0.028605,-0.067714,0.258449,-0.037630,0.012093,0.038456,0.024800,0.088110,0.014425,-0.036383,-0.015239,-0.056937,-0.209887,0.045092,-0.168018,-0.088311,0.044355,-0.104998,0.074978,-0.030989,0.061350,0.302676,0.173075,-0.180964,0.285187,0.466946,0.159529,0.342188,0.080412,0.133645,-0.107736,0.026361,-0.032381,-0.019682,0.279830,0.238275,-0.294524,0.025666,-0.148456,0.048769,-0.164944,-0.023697,0.182110
4_日本からのウェハ輸入数量_中国_t,143.081,147.886,267.397,178.451,114.163,134.291,207.886,222.273,232.269,193.760,150.559,292.930,273.000,280.818,254.114,260.325,333.283,226.711,175.773,318.948,163.410,205.059,180.920,258.621,144.231,231.799,206.672,187.472,181.995,156.665,155.198,166.658,199.850,91.671,163.163,132.512,152.064,120.213,135.903,130.586,108.580,91.542,159.121,146.499,133.482,133.771,175.211,148.886,169.943,149.506,125.033,135.553,143.557,166.918,165.145,168.116,157.825,148.416,161.797,183.900,192.085,187.787,174.149,168.243,173.214,228.004,142.744,158.909,174.863,188.592,118.688,214.753,193.709,164.960,206.011,218.459,190.645
4_日本からのウェハ輸入数量_中国_t_前年同月比_比率,0.032889,0.376017,1.355008,0.374000,0.149851,0.129511,0.467790,0.746935,0.238048,1.043731,-0.120741,0.665870,0.908010,0.898882,-0.049675,0.458804,1.919361,0.688207,-0.154474,0.434938,-0.296462,0.058314,0.201655,-0.117124,-0.471681,-0.174558,-0.186696,-0.279854,-0.453933,-0.308966,-0.117054,-0.477476,0.222997,-0.552953,-0.098148,-0.487621,0.054309,-0.481391,-0.342422,-0.303437,-0.403390,-0.415683,0.025277,-0.120960,-0.332089,0.459251,0.073840,0.123566,0.117575,0.243676,-0.079984,0.038036,0.322131,0.823403,0.037858,0.147557,0.182369,0.109478,-0.076559,0.235173,0.130291,0.256050,0.392824,0.241160,0.206587,0.365964,-0.135644,-0.054766,0.107955,0.270699,-0.266439,0.167771,0.008455,-0.121558,0.182958,0.298473,0.100633
4_日本からのウェハ輸入数量_韓国_t,127.000,95.600,118.800,133.100,104.300,101.700,118.500,118.800,121.600,103.600,92.500,126.800,126.200,138.900,102.500,125.900,123.900,117.500,137.900,137.500,161.600,117.700,132.100,162.700,131.700,120.700,156.400,140.900,142.600,118.900,149.800,132.900,124.800,138.100,96.700,104.800,119.600,122.300,133.300,143.600,96.600,113.500,135.300,126.300,126.500,112.800,119.600,119.600,126.000,119.300,121.600,137.900,94.000,109.200,145.000,107.400,140.600,100.800,111.800,124.800,144.100,127.900,161.500,140.600,116.000,131.900,163.700,133.700,174.300,178.600,140.300,216.500,175.600,168.800,171.500,189.300,164.600
4_日本からのウェハ輸入数量_韓国_t_前年同月比_比率,-0.085673,-0.267433,-0.053386,0.064800,-0.121314,-0.161583,-0.100228,0.180915,0.140713,0.110397,-0.223993,0.130125,-0.006299,0.452929,-0.137205,-0.054095,0.187919,0.155359,0.163713,0.157407,0.328947,0.136100,0.428108,0.283123,0.043582,-0.131030,0.525854,0.119142,0.150928,0.011915,0.086294,-0.033455,-0.227723,0.173322,-0.267979,-0.355870,-0.091875,0.013256,-0.147698,0.019163,-0.322581,-0.045416,-0.096796,-0.049661,0.013622,-0.183201,0.236815,0.141221,0.053512,-0.024530,-0.087772,-0.039694,-0.026915,-0.037885,0.071693,-0.149644,0.111462,-0.106383,-0.065217,0.043478,0.143651,0.072087,0.328125,0.019579,0.234043,0.207875,0.128966,0.244879,0.239687,0.771825,0.254919,0.734776,0.218598,0.319781,0.061920,0.346373,0.418966
4_日本からのウェハ輸入単価_中国_USD毎kg,466.800078,422.605047,265.223873,428.777300,574.437743,519.887275,329.944484,358.444184,312.827230,389.596052,399.543946,280.985235,305.092267,337.092722,336.133834,364.029286,255.945851,414.671207,456.375939,336.166043,559.805985,512.649330,463.223795,391.235391,528.968377,456.045561,449.820668,550.436044,509.750493,607.658322,555.549917,537.523221,466.611469,677.448746,723.035682,623.181757,462.063526,677.614726,631.985865,563.827309,486.166154,591.562190,371.830437,429.266452,490.209451,438.359816,410.879385,451.072156,469.301636,505.278678,654.676110,565.042773,509.659801,544.068375,466.886451,530.600044,533.141403,436.009952,481.507482,472.184829,413.791457,522.730141,443.448576,487.831280,413.640312,386.857397,379.277427,419.452057,428.082619,419.319886,400.121116,360.319763,345.119174,429.464979,376.814986,320.427124,391.247549
4_日本からのウェハ輸入単価_中国_USD毎kg_前年同月比_比率,0.132254,-0.200866,-0.390701,-0.139439,-0.101617,-0.057326,-0.242456,-0.267237,-0.197224,0.216540,0.100970,-0.266260,-0.346418,-0.202346,0.267359,-0.151006,-0.554441,-0.202382,0.383190,-0.062152,0.789505,0.315848,0.159381,0.392370,0.733798,0.352879,0.338219,0.512065,0.991634,0.465398,0.217308,0.598981,-0.166476,0.321466,0.560878,0.592856,-0.126482,0.485849,0.404973,0.024328,-0.046266,-0.026489,-0.330698,-0.201399,0.050573,-0.352925,-0.431730,-0.276179,0.015665,-0.254327,0.035903,0.002156,0.048324,-0.080285,0.255643,0.236062,0.087579,-0.005361,0.171895,0.046806,-0.118283,0.034538,-0.322644,-0.136647,-0.188399,-0.288954,-0.187645,-0.209476,-0.197056,-0.038279,-0.169024,-0.236909,-0.165959,-0.178419,-0.150262,-0.343160,-0.054136
4_日本からのウェハ輸入単価_韓国_USD毎kg,664.251969,644.529289,598.930976,696.341097,705.810163,690.176991,735.535865,681.540404,700.657895,669.169884,645.027027,620.031546,645.324881,600.640749,599.180488,634.289118,670.032284,635.855319,622.262509,635.003636,640.699257,641.903144,591.968206,614.456054,554.753227,573.579122,545.127877,536.756565,545.778401,504.449117,500.173565,480.940557,513.245192,562.664736,509.844881,500.257634,514.974916,525.952576,541.462866,494.178273,481.366460,481.903084,500.561715,482.763262,450.932806,443.457447,503.904682,439.489967,440.103175,414.928751,458.199013,467.679478,765.670213,642.326007,494.000000,847.783985,532.908962,570.972222,414.597496,418.044872,570.680083,561.204066,505.300310,494.800853,504.646552,444.852161,493.469762,471.637996,434.532415,432.637178,412.872416,415.159353,427.722096,401.848341,370.507289,378.927628,397.357230
4_日本からのウェハ輸入単価_韓国_USD毎kg_前年同月比_比率,-0.008057,-0.011992,-0.117140,0.049554,0.191897,0.021131,0.119704,0.020708,0.041776,0.058590,-0.002061,-0.048818,-0.028494,-0.068094,0.000417,-0.089111,-0.050691,-0.078707,-0.154001,-0.068282,-0.085575,-0.040747,-0.082258,-0.008992,-0.140350,-0.045055,-0.090211,-0.153767,-0.185445,-0.206661,-0.196202,-0.242618,-0.198930,-0.123443,-0.138729,-0.185853,-0.071705,-0.083034,-0.006723,-0.079325,-0.118018,-0.044694,0.000776,0.003790,-0.121409,-0.211862,-0.011651,-0.121473,-0.145389,-0.211091,-0.153776,-0.053622,0.590618,0.332895,-0.013109,0.756107,0.181792,0.287547,-0.177230,-0.048795,0.296696,0.352531,0.102797,0.057991,-0.340909,-0.307436,-0.001073,-0.443681,-0.184603,-0.242280,-0.004161,-0.006902,-0.250505,-0.283953,-0.266758,-0.234182,-0.212603
